demand_scenario,demand_multiplier,offset,rows,mean_vehicle_count,max_vehicle_count,mean_total_waiting_time,max_total_waiting_time,mean_speed,min_mean_speed,mean_total_queue,max_total_queue,total_departed,total_arrived,final_active,final_buffered,buffered_ratio
low,0.5,0,3600,28.933,42,93.003,491.0,8.311,0.0,6.397,23,1396,1373,23,0,0.0
low,0.5,5,3600,28.929,42,93.249,405.0,8.314,0.0,6.387,21,1396,1375,21,0,0.0
low,0.5,10,3600,29.114,41,96.264,417.0,8.29,0.0,6.518,20,1396,1375,21,0,0.0
low,0.5,15,3600,29.898,42,110.672,451.0,8.104,0.0,7.165,21,1396,1375,21,0,0.0
low,0.5,20,3600,30.316,41,114.621,429.0,8.017,0.0,7.436,22,1396,1375,21,0,0.0
low,0.5,25,3600,29.906,41,104.163,410.0,8.131,0.0,7.053,21,1396,1374,22,0,0.0
low,0.5,30,3600,29.782,41,96.382,428.0,8.158,0.0,6.769,21,1396,1375,21,0,0.0
low,0.5,35,3600,29.547,42,87.913,373.0,8.207,0.0,6.512,20,1396,1376,20,0,0.0
low,0.5,40,3600,29.549,43,84.232,439.0,8.183,0.0,6.464,20,1396,1376,20,0,0.0
low,0.5,45,3600,29.4,42,79.909,426.0,8.217,0.0,6.363,22,1396,1376,20,0,0.0
low,0.5,50,3600,29.556,42,82.035,353.0,8.193,0.0,6.459,20,1396,1376,20,0,0.0
low,0.5,55,3600,29.865,42,89.988,338.0,8.13,0.0,6.746,20,1396,1377,19,0,0.0
low,0.5,60,3600,30.259,42,101.327,425.0,8.046,0.0,7.176,21,1396,1377,19,0,0.0
low,0.5,65,3600,30.531,44,110.183,418.0,7.991,0.0,7.502,22,1396,1377,19,0,0.0
low,0.5,70,3600,31.037,44,124.487,468.0,7.849,0.0,8.015,24,1396,1376,20,0,0.0
low,0.5,75,3600,30.429,43,118.949,516.0,7.978,0.0,7.621,24,1396,1374,22,0,0.0
low,0.5,80,3600,29.556,44,104.554,494.0,8.17,0.0,6.914,22,1396,1374,22,0,0.0
low,0.5,85,3600,29.056,42,94.993,466.0,8.283,0.0,6.482,24,1396,1372,24,0,0.0
low,0.5,90,3600,28.933,42,93.003,491.0,8.311,0.0,6.397,23,1396,1373,23,0,0.0
medium,1.0,0,3600,65.199,84,274.231,1202.0,7.403,0.0,17.474,47,2800,2743,57,0,0.0
medium,1.0,5,3600,65.768,84,280.225,1134.0,7.352,0.0,17.905,45,2800,2745,55,0,0.0
medium,1.0,10,3600,64.376,81,257.076,949.0,7.523,0.0,16.8,43,2800,2747,53,0,0.0
medium,1.0,15,3600,79.111,104,466.856,1158.0,6.201,0.0,28.342,59,2800,2719,81,0,0.0
medium,1.0,20,3600,74.259,98,394.908,1010.0,6.601,0.0,24.732,53,2800,2723,77,0,0.0
medium,1.0,25,3600,67.19,81,282.888,777.0,7.263,0.0,18.862,42,2800,2742,58,0,0.0
medium,1.0,30,3600,62.931,76,206.372,632.0,7.752,0.0,15.048,36,2800,2747,53,0,0.0
medium,1.0,35,3600,62.048,75,188.652,578.0,7.849,0.0,14.166,32,2800,2747,53,0,0.0
medium,1.0,40,3600,61.951,73,181.001,617.0,7.845,0.0,13.845,35,2800,2747,53,0,0.0
medium,1.0,45,3600,61.761,74,175.672,690.0,7.871,0.0,13.616,34,2800,2748,52,0,0.0
medium,1.0,50,3600,61.975,73,175.911,613.0,7.857,0.0,13.778,30,2800,2747,53,0,0.0
medium,1.0,55,3600,62.683,77,191.172,573.0,7.782,0.0,14.584,36,2800,2748,52,0,0.0
medium,1.0,60,3600,64.79,79,222.927,632.0,7.545,0.0,16.165,39,2800,2747,53,0,0.0
medium,1.0,65,3600,70.706,85,318.079,806.0,6.911,0.0,21.091,48,2800,2734,66,0,0.0
medium,1.0,70,3600,83.708,108,485.557,1188.0,5.886,0.0,30.619,61,2800,2709,91,0,0.0
medium,1.0,75,3600,82.034,112,479.251,1223.0,5.99,0.0,29.827,68,2800,2709,91,0,0.0
medium,1.0,80,3600,69.273,87,316.706,1105.0,7.001,0.0,20.168,50,2800,2738,62,0,0.0
medium,1.0,85,3600,65.43,82,273.515,1114.0,7.391,0.0,17.549,48,2800,2745,55,0,0.0
medium,1.0,90,3600,65.199,84,274.231,1202.0,7.403,0.0,17.474,47,2800,2743,57,0,0.0
high,1.5,0,3600,160.336,202,1226.653,4329.0,4.178,0.0,71.997,150,3819,3651,168,385,0.092
high,1.5,5,3600,162.287,202,1316.944,4026.0,4.095,0.0,74.609,147,3810,3637,173,394,0.094
high,1.5,10,3600,148.593,195,1494.169,5393.0,4.219,0.0,72.499,140,3638,3502,136,566,0.135
high,1.5,15,3600,138.326,182,1483.013,4921.0,4.484,0.0,66.803,118,3628,3494,134,576,0.137
high,1.5,20,3600,152.597,197,1721.511,7787.0,4.068,0.0,76.62,135,3604,3453,151,600,0.143
high,1.5,25,3600,154.552,183,1775.259,4919.0,3.985,0.0,78.647,134,3574,3420,154,630,0.15
high,1.5,30,3600,161.298,191,1334.091,4476.0,4.022,0.0,75.253,125,3739,3568,171,465,0.111
high,1.5,35,3600,161.192,190,1186.29,2475.0,4.207,0.0,71.264,113,3866,3695,171,338,0.08
high,1.5,40,3600,159.653,190,1158.225,1944.0,4.241,0.0,69.842,104,3869,3695,174,335,0.08
high,1.5,45,3600,143.193,177,952.922,1917.0,4.76,0.0,57.712,95,3917,3758,159,287,0.068
high,1.5,50,3600,144.481,176,993.666,1937.0,4.628,0.0,60.018,101,3858,3710,148,346,0.082
high,1.5,55,3600,133.114,163,938.916,2194.0,4.869,0.0,55.749,92,3756,3627,129,448,0.107
high,1.5,60,3600,130.935,157,982.432,4437.0,4.839,0.0,56.241,102,3707,3581,126,497,0.118
high,1.5,65,3600,129.678,156,1239.489,4769.0,4.624,0.0,60.326,98,3543,3418,125,661,0.157
high,1.5,70,3600,129.317,157,1351.801,5494.0,4.591,0.0,61.702,94,3520,3388,132,684,0.163
high,1.5,75,3600,130.141,162,1308.394,5630.0,4.587,0.0,61.441,101,3546,3415,131,658,0.157
high,1.5,80,3600,130.351,162,1172.426,4049.0,4.678,0.0,60.062,101,3594,3463,131,610,0.145
high,1.5,85,3600,141.632,179,1186.775,5303.0,4.503,0.0,64.039,125,3704,3569,135,500,0.119
high,1.5,90,3600,160.336,202,1226.653,4329.0,4.178,0.0,71.997,150,3819,3651,168,385,0.092
saturation,2.0,0,3600,182.639,216,1432.412,3540.0,3.947,0.0,85.179,156,4309,4126,183,1291,0.231
saturation,2.0,5,3600,181.084,215,1602.868,5708.0,3.849,0.0,87.299,148,4213,4028,185,1387,0.248
saturation,2.0,10,3600,178.999,213,2049.479,8065.0,3.811,0.0,90.221,143,4155,3967,188,1445,0.258
saturation,2.0,15,3600,176.096,212,1886.138,4830.0,3.905,0.0,87.509,138,4171,3991,180,1429,0.255
saturation,2.0,20,3600,176.322,208,1895.483,6823.0,3.885,0.0,87.563,141,4174,3992,182,1426,0.255
saturation,2.0,25,3600,172.489,200,1925.068,7755.0,3.949,0.0,85.419,144,4154,3982,172,1446,0.258
saturation,2.0,30,3600,174.272,202,1538.35,4707.0,4.115,0.0,81.434,137,4320,4144,176,1280,0.229
saturation,2.0,35,3600,177.974,206,1315.487,3427.0,4.115,0.0,79.356,135,4393,4216,177,1207,0.216
saturation,2.0,40,3600,178.492,207,1285.874,2046.0,4.225,0.0,77.788,108,4492,4309,183,1108,0.198
saturation,2.0,45,3600,178.334,207,1261.463,2129.0,4.235,0.0,76.776,108,4492,4319,173,1108,0.198
saturation,2.0,50,3600,177.696,204,1284.551,2719.0,4.199,0.0,77.782,129,4443,4260,183,1157,0.207
saturation,2.0,55,3600,175.853,203,1361.649,2917.0,4.163,0.0,79.401,124,4386,4206,180,1214,0.217
saturation,2.0,60,3600,170.61,201,1479.321,5756.0,4.175,0.0,78.991,131,4287,4124,163,1313,0.234
saturation,2.0,65,3600,173.951,206,1963.81,8052.0,4.013,0.0,84.764,136,4214,4051,163,1386,0.248
saturation,2.0,70,3600,178.018,210,1841.467,5680.0,3.851,0.0,88.742,140,4162,3976,186,1438,0.257
saturation,2.0,75,3600,176.495,211,1907.025,6961.0,3.916,0.0,87.676,144,4186,3998,188,1414,0.252
saturation,2.0,80,3600,174.887,212,1789.204,5449.0,3.946,0.0,86.221,143,4170,3996,174,1430,0.255
saturation,2.0,85,3600,179.393,214,1704.674,5013.0,3.888,0.0,87.189,147,4210,4035,175,1390,0.248
saturation,2.0,90,3600,182.639,216,1432.412,3540.0,3.947,0.0,85.179,156,4309,4126,183,1291,0.231
oversaturation,2.5,0,3600,248.764,307,2494.985,5333.0,3.14,0.0,137.188,228,4685,4406,279,2311,0.33
oversaturation,2.5,5,3600,246.785,304,2752.656,7336.0,3.07,0.0,138.889,219,4579,4312,267,2417,0.345
oversaturation,2.5,10,3600,243.992,297,2906.46,6848.0,3.117,0.0,138.118,218,4581,4307,274,2415,0.345
oversaturation,2.5,15,3600,243.179,297,2944.123,7919.0,3.116,0.0,138.378,208,4576,4304,272,2420,0.346
oversaturation,2.5,20,3600,239.756,290,2801.941,6815.0,3.125,0.0,136.208,213,4564,4292,272,2432,0.348
oversaturation,2.5,25,3600,240.631,296,2875.01,8981.0,3.182,0.0,134.744,217,4640,4380,260,2356,0.337
oversaturation,2.5,30,3600,243.751,296,2401.995,5569.0,3.2,0.0,133.214,208,4727,4459,268,2269,0.324
oversaturation,2.5,35,3600,244.567,307,2314.951,6418.0,3.298,0.0,129.539,200,4823,4557,266,2173,0.311
oversaturation,2.5,40,3600,248.013,307,2304.799,5610.0,3.315,0.0,129.529,206,4902,4640,262,2094,0.299
oversaturation,2.5,45,3600,244.824,312,2280.674,6461.0,3.39,0.0,126.63,205,4945,4673,272,2051,0.293
oversaturation,2.5,50,3600,245.078,308,2231.027,5318.0,3.381,0.0,126.689,196,4939,4666,273,2057,0.294
oversaturation,2.5,55,3600,244.647,299,2287.477,4842.0,3.295,0.0,129.716,202,4823,4557,266,2173,0.311
oversaturation,2.5,60,3600,242.867,291,2376.715,6368.0,3.252,0.0,131.266,204,4735,4478,257,2261,0.323
oversaturation,2.5,65,3600,239.352,291,2726.683,8069.0,3.204,0.0,134.024,204,4640,4380,260,2356,0.337
oversaturation,2.5,70,3600,237.125,293,2801.712,7210.0,3.211,0.0,133.38,213,4603,4359,244,2393,0.342
oversaturation,2.5,75,3600,242.799,288,2907.923,9588.0,3.143,0.0,137.619,207,4601,4327,274,2395,0.342
oversaturation,2.5,80,3600,244.977,303,2889.354,7232.0,3.073,0.0,139.297,226,4551,4279,272,2445,0.349
oversaturation,2.5,85,3600,245.514,300,2791.647,7824.0,3.083,0.0,138.823,221,4590,4318,272,2406,0.344
oversaturation,2.5,90,3600,248.764,307,2494.985,5333.0,3.14,0.0,137.188,228,4685,4406,279,2311,0.33
