distance,offset,rows,mean_vehicle_count,max_vehicle_count,mean_total_waiting_time,max_total_waiting_time,mean_speed,min_mean_speed,mean_total_queue,max_total_queue,total_departed,total_arrived,final_active,final_buffered
100,0,3600,97.266,137,986.371,4375.0,4.321,0.0,49.075,102,2720,2616,104,80
100,5,3600,91.043,137,884.256,3565.0,4.579,0.0,44.978,98,2706,2601,105,94
100,10,3600,78.731,124,587.965,2203.0,5.425,0.0,32.859,78,2790,2685,105,10
100,15,3600,57.567,73,231.449,828.0,7.217,0.0,15.42,35,2800,2748,52,0
100,20,3600,57.409,71,223.735,734.0,7.238,0.0,15.231,35,2800,2749,51,0
100,25,3600,57.693,72,217.763,676.0,7.206,0.0,15.296,32,2800,2748,52,0
100,30,3600,58.957,71,228.514,727.0,7.051,0.0,16.281,35,2800,2749,51,0
100,35,3600,60.331,72,241.229,715.0,6.894,0.0,17.378,37,2800,2751,49,0
100,40,3600,60.528,72,236.152,771.0,6.861,0.0,17.555,38,2800,2751,49,0
100,45,3600,60.324,72,230.49,810.0,6.886,0.0,17.502,40,2800,2753,47,0
100,50,3600,60.644,73,236.947,710.0,6.859,0.0,17.753,37,2800,2752,48,0
100,55,3600,60.946,76,252.155,697.0,6.831,0.0,18.04,38,2800,2754,46,0
100,60,3600,60.026,73,245.647,728.0,6.944,0.0,17.33,35,2800,2756,44,0
100,65,3600,59.35,72,243.656,776.0,7.019,0.0,16.838,37,2800,2753,47,0
100,70,3600,58.824,73,248.343,841.0,7.078,0.0,16.588,36,2800,2752,48,0
100,75,3600,58.724,75,250.772,840.0,7.079,0.0,16.528,39,2800,2750,50,0
100,80,3600,68.991,89,399.466,1191.0,6.046,0.0,24.444,52,2800,2735,65,0
100,85,3600,90.961,131,697.975,2328.0,4.741,0.0,41.025,94,2798,2682,116,2
100,90,3600,97.266,137,986.371,4375.0,4.321,0.0,49.075,102,2720,2616,104,80
200,0,3600,66.238,88,321.064,1371.0,6.78,0.0,19.937,51,2800,2745,55,0
200,5,3600,70.853,96,393.403,1380.0,6.401,0.0,23.94,59,2800,2722,78,0
200,10,3600,76.978,107,486.166,1273.0,5.947,0.0,29.085,65,2800,2712,88,0
200,15,3600,64.533,82,303.14,941.0,6.983,0.0,19.234,42,2800,2740,60,0
200,20,3600,60.471,77,231.074,778.0,7.458,0.0,15.688,37,2800,2748,52,0
200,25,3600,61.239,76,238.486,800.0,7.379,0.0,16.216,36,2800,2748,52,0
200,30,3600,61.098,74,221.764,740.0,7.391,0.0,15.84,36,2800,2749,51,0
200,35,3600,60.971,72,207.164,665.0,7.4,0.0,15.458,33,2800,2751,49,0
200,40,3600,61.112,73,199.974,689.0,7.372,0.0,15.443,37,2800,2748,52,0
200,45,3600,60.962,73,195.628,755.0,7.387,0.0,15.462,36,2800,2749,51,0
200,50,3600,61.087,73,196.469,615.0,7.387,0.0,15.558,33,2800,2750,50,0
200,55,3600,61.54,75,210.624,640.0,7.348,0.0,15.958,36,2800,2754,46,0
200,60,3600,62.346,78,231.986,703.0,7.257,0.0,16.759,38,2800,2751,49,0
200,65,3600,63.273,77,256.192,794.0,7.149,0.0,17.592,40,2800,2747,53,0
200,70,3600,64.828,80,287.737,885.0,6.972,0.0,19.002,41,2800,2744,56,0
200,75,3600,70.944,90,376.576,1116.0,6.383,0.0,23.736,53,2800,2727,73,0
200,80,3600,83.624,125,596.069,3094.0,5.399,0.0,34.468,84,2742,2642,100,58
200,85,3600,68.976,90,357.049,1335.0,6.533,0.0,22.079,57,2800,2733,67,0
200,90,3600,66.238,88,321.064,1371.0,6.78,0.0,19.937,51,2800,2745,55,0
300,0,3600,65.199,84,274.231,1202.0,7.403,0.0,17.474,47,2800,2743,57,0
300,5,3600,65.768,84,280.225,1134.0,7.352,0.0,17.905,45,2800,2745,55,0
300,10,3600,64.376,81,257.076,949.0,7.523,0.0,16.8,43,2800,2747,53,0
300,15,3600,79.111,104,466.856,1158.0,6.201,0.0,28.342,59,2800,2719,81,0
300,20,3600,74.259,98,394.908,1010.0,6.601,0.0,24.732,53,2800,2723,77,0
300,25,3600,67.19,81,282.888,777.0,7.263,0.0,18.862,42,2800,2742,58,0
300,30,3600,62.931,76,206.372,632.0,7.752,0.0,15.048,36,2800,2747,53,0
300,35,3600,62.048,75,188.652,578.0,7.849,0.0,14.166,32,2800,2747,53,0
300,40,3600,61.951,73,181.001,617.0,7.845,0.0,13.845,35,2800,2747,53,0
300,45,3600,61.761,74,175.672,690.0,7.871,0.0,13.616,34,2800,2748,52,0
300,50,3600,61.975,73,175.911,613.0,7.857,0.0,13.778,30,2800,2747,53,0
300,55,3600,62.683,77,191.172,573.0,7.782,0.0,14.584,36,2800,2748,52,0
300,60,3600,64.79,79,222.927,632.0,7.545,0.0,16.165,39,2800,2747,53,0
300,65,3600,70.706,85,318.079,806.0,6.911,0.0,21.091,48,2800,2734,66,0
300,70,3600,83.708,108,485.557,1188.0,5.886,0.0,30.619,61,2800,2709,91,0
300,75,3600,82.034,112,479.251,1223.0,5.99,0.0,29.827,68,2800,2709,91,0
300,80,3600,69.273,87,316.706,1105.0,7.001,0.0,20.168,50,2800,2738,62,0
300,85,3600,65.43,82,273.515,1114.0,7.391,0.0,17.549,48,2800,2745,55,0
300,90,3600,65.199,84,274.231,1202.0,7.403,0.0,17.474,47,2800,2743,57,0
500,0,3600,73.626,96,291.246,1329.0,7.546,0.0,19.569,56,2800,2742,58,0
500,5,3600,73.95,95,298.484,1237.0,7.519,0.0,19.923,55,2800,2743,57,0
500,10,3600,72.919,92,284.586,1051.0,7.629,0.0,19.099,52,2800,2739,61,0
500,15,3600,71.978,89,270.297,915.0,7.739,0.0,18.301,47,2800,2737,63,0
500,20,3600,70.315,86,242.711,751.0,7.938,0.0,16.754,45,2800,2738,62,0
500,25,3600,69.373,82,229.135,687.0,8.055,0.0,15.823,37,2800,2739,61,0
500,30,3600,77.713,100,352.876,1165.0,7.234,0.0,22.503,47,2800,2720,80,0
500,35,3600,82.286,108,422.863,1166.0,6.862,0.0,26.078,54,2800,2714,86,0
500,40,3600,76.505,95,345.748,1144.0,7.336,0.0,21.612,46,2800,2727,73,0
500,45,3600,71.983,87,279.97,1022.0,7.782,0.0,17.955,39,2800,2733,67,0
500,50,3600,75.548,92,318.037,1180.0,7.417,0.0,20.212,41,2800,2730,70,0
500,55,3600,86.855,118,514.731,4381.0,6.471,0.0,29.375,90,2778,2677,101,22
500,60,3600,85.135,108,424.825,1255.0,6.646,0.0,26.971,59,2800,2710,90,0
500,65,3600,73.284,88,271.577,880.0,7.635,0.0,18.121,43,2800,2729,71,0
500,70,3600,70.101,84,226.379,689.0,7.977,0.0,16.102,41,2800,2736,64,0
500,75,3600,70.922,87,238.529,846.0,7.872,0.0,16.999,44,2800,2738,62,0
500,80,3600,72.188,92,261.549,1005.0,7.717,0.0,18.257,52,2800,2739,61,0
500,85,3600,73.377,94,287.379,1157.0,7.579,0.0,19.409,54,2800,2741,59,0
500,90,3600,73.626,96,291.246,1329.0,7.546,0.0,19.569,56,2800,2742,58,0
750,0,3600,76.588,96,197.676,969.0,8.439,0.0,15.552,51,2800,2740,60,0
750,5,3600,77.08,96,207.482,864.0,8.384,0.0,16.014,49,2800,2736,64,0
750,10,3600,77.384,97,218.486,786.0,8.355,0.0,16.353,46,2800,2734,66,0
750,15,3600,77.652,95,233.946,770.0,8.331,0.0,16.811,42,2800,2731,69,0
750,20,3600,77.567,94,242.19,828.0,8.345,0.0,16.871,41,2800,2729,71,0
750,25,3600,78.222,93,259.631,873.0,8.268,0.0,17.522,43,2800,2730,70,0
750,30,3600,79.215,97,281.292,853.0,8.158,0.0,18.381,40,2800,2725,75,0
750,35,3600,84.979,102,366.174,998.0,7.61,0.0,22.806,43,2800,2719,81,0
750,40,3600,83.967,101,356.374,1060.0,7.697,0.0,22.085,43,2800,2717,83,0
750,45,3600,83.701,104,352.535,1154.0,7.74,0.0,21.674,45,2800,2722,78,0
750,50,3600,80.732,99,313.406,1021.0,8.027,0.0,19.581,42,2800,2725,75,0
750,55,3600,78.597,95,281.563,880.0,8.233,0.0,17.992,40,2800,2730,70,0
750,60,3600,77.756,92,264.437,794.0,8.33,0.0,17.224,41,2800,2741,59,0
750,65,3600,75.944,93,229.697,734.0,8.529,0.0,15.689,38,2800,2738,62,0
750,70,3600,76.323,91,230.68,746.0,8.491,0.0,15.893,39,2800,2737,63,0
750,75,3600,76.671,93,224.794,725.0,8.449,0.0,15.953,39,2800,2738,62,0
750,80,3600,76.257,94,206.936,770.0,8.489,0.0,15.444,43,2800,2739,61,0
750,85,3600,76.412,96,200.504,880.0,8.467,0.0,15.434,51,2800,2741,59,0
750,90,3600,76.588,96,197.676,969.0,8.439,0.0,15.552,51,2800,2740,60,0
1000,0,3600,80.451,100,185.13,781.0,9.122,0.0,13.333,37,2800,2733,67,0
1000,5,3600,81.112,101,192.275,741.0,9.049,0.0,13.709,36,2800,2733,67,0
1000,10,3600,84.404,105,240.558,915.0,8.694,0.0,16.357,39,2800,2723,77,0
1000,15,3600,88.769,111,293.398,979.0,8.261,0.0,19.609,42,2800,2710,90,0
1000,20,3600,95.324,119,380.188,1173.0,7.711,0.0,24.641,51,2800,2697,103,0
1000,25,3600,87.541,107,277.46,891.0,8.366,0.0,18.809,43,2800,2711,89,0
1000,30,3600,86.773,103,272.558,794.0,8.434,0.0,18.477,38,2800,2716,84,0
1000,35,3600,86.905,105,283.935,796.0,8.421,0.0,18.924,40,2800,2720,80,0
1000,40,3600,86.933,101,292.41,862.0,8.42,0.0,19.22,39,2800,2721,79,0
1000,45,3600,86.704,101,292.15,936.0,8.449,0.0,19.181,41,2800,2727,73,0
1000,50,3600,86.588,103,292.587,911.0,8.462,0.0,19.121,37,2800,2726,74,0
1000,55,3600,86.794,107,292.506,873.0,8.445,0.0,19.154,37,2800,2733,67,0
1000,60,3600,85.347,102,264.055,740.0,8.59,0.0,17.823,36,2800,2735,65,0
1000,65,3600,84.831,104,250.639,787.0,8.648,0.0,17.202,38,2800,2730,70,0
1000,70,3600,87.338,106,286.742,846.0,8.406,0.0,19.192,40,2800,2724,76,0
1000,75,3600,88.339,113,300.457,1041.0,8.325,0.0,19.872,43,2800,2716,84,0
1000,80,3600,83.216,104,229.099,817.0,8.824,0.0,15.702,38,2800,2725,75,0
1000,85,3600,80.384,100,185.0,722.0,9.132,0.0,13.309,38,2800,2731,69,0
1000,90,3600,80.451,100,185.13,781.0,9.122,0.0,13.333,37,2800,2733,67,0
