N,distance_m,demand,multiplier,offset,mean_total_waiting_time,max_total_waiting_time,mean_speed,mean_total_queue,max_total_queue,mean_vehicle_count,max_vehicle_count,total_expected,total_departed,total_arrived,buffered_ratio,capacity_regime,total_teleports
5,200,low,0.5,0,236.314,1034.0,8.123,13.984,31,49.334,60,2300.0,2300,2253,0.0,Unconstrained,0
5,200,low,0.5,5,332.378,964.0,7.548,17.981,34,53.789,69,2300.0,2300,2244,0.0,Unconstrained,0
5,200,low,0.5,10,235.745,499.0,8.153,14.414,27,49.932,65,2300.0,2300,2253,0.0,Unconstrained,0
5,200,low,0.5,15,166.03,416.0,8.644,11.62,22,46.99,59,2300.0,2300,2256,0.0,Unconstrained,0
5,200,low,0.5,20,152.014,438.0,8.665,10.683,25,46.992,61,2300.0,2300,2258,0.0,Unconstrained,0
5,200,low,0.5,25,409.041,830.0,6.658,21.945,37,60.586,75,2300.0,2300,2243,0.0,Unconstrained,0
5,200,low,0.5,30,377.194,862.0,6.518,23.091,45,62.151,72,2300.0,2300,2244,0.0,Unconstrained,0
5,200,low,0.5,35,319.434,577.0,6.607,22.457,36,61.429,72,2300.0,2300,2240,0.0,Unconstrained,0
5,200,low,0.5,40,295.162,674.0,6.544,22.589,51,61.658,74,2300.0,2300,2246,0.0,Unconstrained,0
5,200,low,0.5,45,260.82,1080.0,6.535,21.456,53,60.354,74,2300.0,2300,2245,0.0,Unconstrained,0
5,200,low,0.5,50,293.347,672.0,6.541,22.562,50,61.602,76,2300.0,2300,2243,0.0,Unconstrained,0
5,200,low,0.5,55,324.604,595.0,6.576,22.825,36,61.904,74,2300.0,2300,2243,0.0,Unconstrained,0
5,200,low,0.5,60,363.568,889.0,6.602,22.686,46,61.652,76,2300.0,2300,2242,0.0,Unconstrained,0
5,200,low,0.5,65,383.501,786.0,6.835,21.211,35,59.709,74,2300.0,2300,2247,0.0,Unconstrained,0
5,200,low,0.5,70,175.695,482.0,8.391,11.454,25,48.032,64,2300.0,2300,2255,0.0,Unconstrained,0
5,200,low,0.5,75,174.684,398.0,8.566,11.916,23,47.369,60,2300.0,2300,2258,0.0,Unconstrained,0
5,200,low,0.5,80,223.811,505.0,8.261,13.818,29,49.212,63,2300.0,2300,2256,0.0,Unconstrained,0
5,200,low,0.5,85,331.578,947.0,7.554,17.894,35,53.676,69,2300.0,2300,2251,0.0,Unconstrained,0
5,200,low,0.5,90,236.314,1034.0,8.123,13.984,31,49.334,60,2300.0,2300,2253,0.0,Unconstrained,0
5,200,medium,1.0,0,557.974,2257.0,7.728,31.824,68,104.018,134,4600.0,4600,4486,0.0,Unconstrained,0
5,200,medium,1.0,5,673.602,1807.0,7.378,36.836,69,110.182,137,4600.0,4600,4480,0.0,Unconstrained,0
5,200,medium,1.0,10,488.124,934.0,7.937,29.917,53,102.668,125,4600.0,4600,4494,0.0,Unconstrained,0
5,200,medium,1.0,15,366.63,929.0,8.41,24.595,45,96.741,114,4600.0,4600,4504,0.0,Unconstrained,0
5,200,medium,1.0,20,586.346,1241.0,7.451,33.595,61,109.163,138,4600.0,4600,4501,0.0,Unconstrained,0
5,200,medium,1.0,25,794.655,1413.0,6.572,43.648,63,123.899,146,4600.0,4600,4484,0.0,Unconstrained,0
5,200,medium,1.0,30,709.858,1537.0,6.479,44.609,74,125.731,140,4600.0,4600,4486,0.0,Unconstrained,0
5,200,medium,1.0,35,600.37,1060.0,6.514,43.654,67,125.041,143,4600.0,4600,4479,0.0,Unconstrained,0
5,200,medium,1.0,40,562.796,1115.0,6.432,44.37,86,125.976,147,4600.0,4600,4483,0.0,Unconstrained,0
5,200,medium,1.0,45,535.865,1998.0,6.35,44.068,106,125.432,150,4600.0,4600,4486,0.0,Unconstrained,0
5,200,medium,1.0,50,557.912,1130.0,6.443,44.214,85,125.616,147,4600.0,4600,4478,0.0,Unconstrained,0
5,200,medium,1.0,55,624.998,1081.0,6.449,44.913,67,126.418,142,4600.0,4600,4478,0.0,Unconstrained,0
5,200,medium,1.0,60,690.984,1495.0,6.514,43.899,75,125.077,144,4600.0,4600,4480,0.0,Unconstrained,0
5,200,medium,1.0,65,796.634,1410.0,6.555,43.871,63,124.162,144,4600.0,4600,4488,0.0,Unconstrained,0
5,200,medium,1.0,70,587.203,1222.0,7.441,33.631,59,109.33,139,4600.0,4600,4499,0.0,Unconstrained,0
5,200,medium,1.0,75,386.394,1035.0,8.335,25.366,47,97.692,118,4600.0,4600,4512,0.0,Unconstrained,0
5,200,medium,1.0,80,450.072,901.0,8.119,28.193,50,100.497,122,4600.0,4600,4508,0.0,Unconstrained,0
5,200,medium,1.0,85,677.345,1817.0,7.382,36.928,67,110.141,136,4600.0,4600,4492,0.0,Unconstrained,0
5,200,medium,1.0,90,557.974,2257.0,7.728,31.824,68,104.018,134,4600.0,4600,4486,0.0,Unconstrained,0
5,200,high,1.5,0,1011.147,3745.0,7.202,55.851,112,167.891,215,6900.0,6900,6721,0.0,Unconstrained,0
5,200,high,1.5,5,1038.062,2670.0,7.207,57.001,102,169.005,208,6900.0,6900,6706,0.0,Unconstrained,0
5,200,high,1.5,10,796.96,1367.0,7.678,47.897,80,159.005,188,6900.0,6900,6731,0.0,Unconstrained,0
5,200,high,1.5,15,847.133,1832.0,7.574,49.627,80,161.508,190,6900.0,6900,6738,0.0,Unconstrained,0
5,200,high,1.5,20,1045.264,1706.0,6.955,58.458,86,175.607,209,6900.0,6900,6728,0.0,Unconstrained,0
5,200,high,1.5,25,1198.178,1933.0,6.399,66.695,93,190.701,215,6900.0,6900,6716,0.0,Unconstrained,0
5,200,high,1.5,30,1049.533,2109.0,6.338,66.545,102,192.607,214,6900.0,6900,6719,0.0,Unconstrained,0
5,200,high,1.5,35,903.569,1455.0,6.35,66.042,89,192.39,215,6900.0,6900,6708,0.0,Unconstrained,0
5,200,high,1.5,40,815.076,1436.0,6.322,65.764,117,192.424,218,6900.0,6900,6714,0.0,Unconstrained,0
5,200,high,1.5,45,802.172,2608.0,6.227,66.619,158,193.071,228,6900.0,6900,6721,0.0,Unconstrained,0
5,200,high,1.5,50,825.466,1472.0,6.316,66.408,116,192.564,220,6900.0,6900,6710,0.0,Unconstrained,0
5,200,high,1.5,55,904.068,1466.0,6.349,66.184,89,192.406,212,6900.0,6900,6710,0.0,Unconstrained,0
5,200,high,1.5,60,1042.986,2059.0,6.328,66.455,102,192.909,215,6900.0,6900,6711,0.0,Unconstrained,0
5,200,high,1.5,65,1190.994,1889.0,6.39,66.621,90,190.974,219,6900.0,6900,6712,0.0,Unconstrained,0
5,200,high,1.5,70,1039.703,1710.0,6.962,58.243,90,175.524,205,6900.0,6900,6738,0.0,Unconstrained,0
5,200,high,1.5,75,854.045,1783.0,7.571,49.862,81,161.7,187,6900.0,6900,6753,0.0,Unconstrained,0
5,200,high,1.5,80,796.492,1491.0,7.687,47.756,79,158.74,188,6900.0,6900,6745,0.0,Unconstrained,0
5,200,high,1.5,85,1025.853,2687.0,7.217,56.561,102,168.739,204,6900.0,6900,6728,0.0,Unconstrained,0
5,200,high,1.5,90,1011.147,3745.0,7.202,55.851,112,167.891,215,6900.0,6900,6721,0.0,Unconstrained,0
5,200,saturation,2.0,0,1507.455,5180.0,6.844,81.913,156,235.379,294,9200.0,9200,8945,0.0,Unconstrained,0
5,200,saturation,2.0,5,1445.424,3707.0,6.967,79.404,145,232.786,289,9200.0,9200,8938,0.0,Unconstrained,0
5,200,saturation,2.0,10,1385.165,2465.0,7.046,77.444,127,230.852,272,9200.0,9200,8963,0.0,Unconstrained,0
5,200,saturation,2.0,15,1402.879,2568.0,6.991,78.388,123,233.233,270,9200.0,9200,8961,0.0,Unconstrained,0
5,200,saturation,2.0,20,1475.236,2126.0,6.694,82.712,117,243.158,281,9200.0,9200,8950,0.0,Unconstrained,0
5,200,saturation,2.0,25,1577.088,2572.0,6.276,89.434,124,259.178,291,9200.0,9200,8944,0.0,Unconstrained,0
5,200,saturation,2.0,30,1372.575,2526.0,6.222,87.764,128,261.321,287,9200.0,9200,8945,0.0,Unconstrained,0
5,200,saturation,2.0,35,1184.955,1777.0,6.227,87.53,116,261.286,286,9200.0,9200,8938,0.0,Unconstrained,0
5,200,saturation,2.0,40,1077.127,1767.0,6.196,87.966,139,261.855,292,9200.0,9200,8943,0.0,Unconstrained,0
5,200,saturation,2.0,45,1062.959,3063.0,6.131,88.958,190,262.988,307,9200.0,9200,8941,0.0,Unconstrained,0
5,200,saturation,2.0,50,1060.335,1756.0,6.216,87.166,138,261.013,293,9200.0,9200,8941,0.0,Unconstrained,0
5,200,saturation,2.0,55,1174.658,1754.0,6.231,87.292,114,261.203,285,9200.0,9200,8938,0.0,Unconstrained,0
5,200,saturation,2.0,60,1358.629,2516.0,6.221,87.389,128,261.233,289,9200.0,9200,8940,0.0,Unconstrained,0
5,200,saturation,2.0,65,1574.86,2514.0,6.272,89.455,121,259.271,290,9200.0,9200,8933,0.0,Unconstrained,0
5,200,saturation,2.0,70,1481.958,2185.0,6.678,83.019,119,244.028,283,9200.0,9200,8972,0.0,Unconstrained,0
5,200,saturation,2.0,75,1400.547,2634.0,7.013,78.214,126,232.822,268,9200.0,9200,8980,0.0,Unconstrained,0
5,200,saturation,2.0,80,1398.384,2493.0,7.047,77.796,129,231.028,272,9200.0,9200,8971,0.0,Unconstrained,0
5,200,saturation,2.0,85,1443.558,3690.0,6.965,79.364,145,232.426,280,9200.0,9200,8947,0.0,Unconstrained,0
5,200,saturation,2.0,90,1507.455,5180.0,6.844,81.913,156,235.379,294,9200.0,9200,8945,0.0,Unconstrained,0
5,300,low,0.5,0,392.117,1460.0,8.132,21.994,45,74.529,97,2300.0,2300,2226,0.0,Unconstrained,0
5,300,low,0.5,5,273.804,877.0,8.828,17.037,41,69.033,86,2300.0,2300,2229,0.0,Unconstrained,0
5,300,low,0.5,10,231.833,571.0,9.131,14.778,32,66.593,85,2300.0,2300,2234,0.0,Unconstrained,0
5,300,low,0.5,15,331.386,862.0,8.627,18.344,36,70.455,90,2300.0,2300,2225,0.0,Unconstrained,0
5,300,low,0.5,20,392.872,704.0,8.24,21.306,32,73.852,89,2300.0,2300,2229,0.0,Unconstrained,0
5,300,low,0.5,25,333.555,675.0,8.36,19.945,33,72.728,84,2300.0,2300,2230,0.0,Unconstrained,0
5,300,low,0.5,30,272.484,629.0,8.428,18.029,32,72.121,86,2300.0,2300,2233,0.0,Unconstrained,0
5,300,low,0.5,35,224.185,518.0,8.455,17.2,30,71.9,84,2300.0,2300,2232,0.0,Unconstrained,0
5,300,low,0.5,40,193.003,441.0,8.453,16.835,36,71.631,86,2300.0,2300,2233,0.0,Unconstrained,0
5,300,low,0.5,45,224.46,904.0,8.085,18.605,53,73.714,93,2300.0,2300,2235,0.0,Unconstrained,0
5,300,low,0.5,50,191.324,453.0,8.441,16.869,37,71.723,87,2300.0,2300,2233,0.0,Unconstrained,0
5,300,low,0.5,55,216.644,453.0,8.497,16.837,30,71.565,85,2300.0,2300,2230,0.0,Unconstrained,0
5,300,low,0.5,60,265.297,649.0,8.441,17.73,33,71.969,83,2300.0,2300,2230,0.0,Unconstrained,0
5,300,low,0.5,65,311.144,641.0,8.505,18.763,30,71.557,86,2300.0,2300,2233,0.0,Unconstrained,0
5,300,low,0.5,70,407.821,682.0,8.124,22.254,34,74.875,89,2300.0,2300,2232,0.0,Unconstrained,0
5,300,low,0.5,75,345.767,914.0,8.543,19.002,35,71.258,90,2300.0,2300,2232,0.0,Unconstrained,0
5,300,low,0.5,80,244.94,657.0,9.041,15.344,31,67.132,83,2300.0,2300,2238,0.0,Unconstrained,0
5,300,low,0.5,85,260.734,803.0,8.888,16.486,39,68.327,86,2300.0,2300,2235,0.0,Unconstrained,0
5,300,low,0.5,90,392.117,1460.0,8.132,21.994,45,74.529,97,2300.0,2300,2226,0.0,Unconstrained,0
5,300,medium,1.0,0,700.663,2766.0,8.196,41.254,90,147.883,182,4600.0,4600,4450,0.0,Unconstrained,0
5,300,medium,1.0,5,612.924,1757.0,8.482,37.026,86,143.154,173,4600.0,4600,4445,0.0,Unconstrained,0
5,300,medium,1.0,10,671.248,1699.0,8.419,38.387,78,144.649,178,4600.0,4600,4453,0.0,Unconstrained,0
5,300,medium,1.0,15,819.454,1630.0,8.007,44.586,74,151.899,178,4600.0,4600,4439,0.0,Unconstrained,0
5,300,medium,1.0,20,763.263,1203.0,8.068,43.026,62,150.625,173,4600.0,4600,4447,0.0,Unconstrained,0
5,300,medium,1.0,25,616.688,1166.0,8.301,38.392,57,146.337,167,4600.0,4600,4453,0.0,Unconstrained,0
5,300,medium,1.0,30,501.589,1142.0,8.354,34.579,58,145.519,165,4600.0,4600,4461,0.0,Unconstrained,0
5,300,medium,1.0,35,416.299,824.0,8.343,32.653,52,145.628,165,4600.0,4600,4458,0.0,Unconstrained,0
5,300,medium,1.0,40,362.068,718.0,8.321,32.212,64,145.441,165,4600.0,4600,4457,0.0,Unconstrained,0
5,300,medium,1.0,45,370.414,1449.0,8.158,33.436,104,146.9,175,4600.0,4600,4466,0.0,Unconstrained,0
5,300,medium,1.0,50,367.773,719.0,8.292,32.581,63,145.937,167,4600.0,4600,4460,0.0,Unconstrained,0
5,300,medium,1.0,55,414.927,819.0,8.342,32.583,50,145.676,163,4600.0,4600,4461,0.0,Unconstrained,0
5,300,medium,1.0,60,509.142,1155.0,8.332,34.952,58,145.819,163,4600.0,4600,4455,0.0,Unconstrained,0
5,300,medium,1.0,65,603.932,1132.0,8.338,37.839,58,145.67,165,4600.0,4600,4458,0.0,Unconstrained,0
5,300,medium,1.0,70,766.848,1196.0,8.054,43.212,61,150.888,177,4600.0,4600,4458,0.0,Unconstrained,0
5,300,medium,1.0,75,834.976,1664.0,7.972,45.123,75,152.601,182,4600.0,4600,4457,0.0,Unconstrained,0
5,300,medium,1.0,80,686.684,1531.0,8.373,39.015,73,145.158,175,4600.0,4600,4462,0.0,Unconstrained,0
5,300,medium,1.0,85,603.22,1831.0,8.519,36.526,86,142.415,170,4600.0,4600,4459,0.0,Unconstrained,0
5,300,medium,1.0,90,700.663,2766.0,8.196,41.254,90,147.883,182,4600.0,4600,4450,0.0,Unconstrained,0
5,300,high,1.5,0,1083.939,4207.0,8.073,63.275,137,225.1,272,6900.0,6900,6671,0.0,Unconstrained,0
5,300,high,1.5,5,1121.488,3239.0,8.041,64.033,141,226.628,265,6900.0,6900,6658,0.0,Unconstrained,0
5,300,high,1.5,10,1247.987,2639.0,7.871,68.69,128,232.163,281,6900.0,6900,6652,0.0,Unconstrained,0
5,300,high,1.5,15,1323.942,2330.0,7.694,72.207,112,237.141,269,6900.0,6900,6657,0.0,Unconstrained,0
5,300,high,1.5,20,1168.901,1748.0,7.864,66.843,89,231.671,263,6900.0,6900,6660,0.0,Unconstrained,0
5,300,high,1.5,25,905.564,1599.0,8.178,57.732,82,222.69,254,6900.0,6900,6680,0.0,Unconstrained,0
5,300,high,1.5,30,755.596,1570.0,8.195,52.832,85,222.428,246,6900.0,6900,6678,0.0,Unconstrained,0
5,300,high,1.5,35,616.371,1118.0,8.209,48.491,71,221.929,245,6900.0,6900,6681,0.0,Unconstrained,0
5,300,high,1.5,40,536.292,970.0,8.174,47.478,83,222.181,251,6900.0,6900,6677,0.0,Unconstrained,0
5,300,high,1.5,45,515.301,1865.0,8.109,47.849,129,222.565,257,6900.0,6900,6684,0.0,Unconstrained,0
5,300,high,1.5,50,532.568,970.0,8.187,47.571,82,221.642,250,6900.0,6900,6681,0.0,Unconstrained,0
5,300,high,1.5,55,612.024,1097.0,8.213,48.251,70,221.792,244,6900.0,6900,6682,0.0,Unconstrained,0
5,300,high,1.5,60,750.281,1564.0,8.189,52.619,85,222.47,246,6900.0,6900,6677,0.0,Unconstrained,0
5,300,high,1.5,65,891.0,1595.0,8.191,57.235,81,222.34,251,6900.0,6900,6680,0.0,Unconstrained,0
5,300,high,1.5,70,1158.066,1697.0,7.896,66.312,89,230.853,268,6900.0,6900,6667,0.0,Unconstrained,0
5,300,high,1.5,75,1321.929,2454.0,7.713,72.031,115,236.818,270,6900.0,6900,6671,0.0,Unconstrained,0
5,300,high,1.5,80,1269.066,2709.0,7.84,69.422,130,233.142,275,6900.0,6900,6678,0.0,Unconstrained,0
5,300,high,1.5,85,1160.302,3280.0,7.979,65.512,141,228.313,270,6900.0,6900,6673,0.0,Unconstrained,0
5,300,high,1.5,90,1083.939,4207.0,8.073,63.275,137,225.1,272,6900.0,6900,6671,0.0,Unconstrained,0
5,300,saturation,2.0,0,1728.154,6474.0,7.62,95.994,207,317.935,381,9200.0,9200,8863,0.0,Unconstrained,0
5,300,saturation,2.0,5,1834.842,5017.0,7.527,100.038,203,322.872,376,9200.0,9200,8853,0.0,Unconstrained,0
5,300,saturation,2.0,10,1864.245,3719.0,7.475,101.361,173,325.643,375,9200.0,9200,8844,0.0,Unconstrained,0
5,300,saturation,2.0,15,1831.939,2975.0,7.45,100.757,151,326.352,369,9200.0,9200,8857,0.0,Unconstrained,0
5,300,saturation,2.0,20,1603.118,2257.0,7.623,92.909,117,318.619,359,9200.0,9200,8874,0.0,Unconstrained,0
5,300,saturation,2.0,25,1224.561,2195.0,7.961,79.144,116,304.932,346,9200.0,9200,8890,0.0,Unconstrained,0
5,300,saturation,2.0,30,982.566,1860.0,8.071,70.282,114,300.893,329,9200.0,9200,8892,0.0,Unconstrained,0
5,300,saturation,2.0,35,826.831,1329.0,8.056,64.989,87,301.303,324,9200.0,9200,8896,0.0,Unconstrained,0
5,300,saturation,2.0,40,707.924,1297.0,8.051,62.359,100,300.781,334,9200.0,9200,8888,0.0,Unconstrained,0
5,300,saturation,2.0,45,673.879,2371.0,8.012,62.337,148,301.066,342,9200.0,9200,8901,0.0,Unconstrained,0
5,300,saturation,2.0,50,717.659,1290.0,8.024,62.626,100,301.658,334,9200.0,9200,8898,0.0,Unconstrained,0
5,300,saturation,2.0,55,814.189,1383.0,8.074,64.358,89,300.633,325,9200.0,9200,8899,0.0,Unconstrained,0
5,300,saturation,2.0,60,989.763,1938.0,8.063,70.594,113,300.968,330,9200.0,9200,8888,0.0,Unconstrained,0
5,300,saturation,2.0,65,1201.973,2187.0,8.009,78.151,114,302.807,338,9200.0,9200,8880,0.0,Unconstrained,0
5,300,saturation,2.0,70,1580.237,2210.0,7.643,92.05,115,317.694,357,9200.0,9200,8870,0.0,Unconstrained,0
5,300,saturation,2.0,75,1822.262,2955.0,7.462,100.334,153,325.896,371,9200.0,9200,8872,0.0,Unconstrained,0
5,300,saturation,2.0,80,1886.654,3601.0,7.463,102.169,171,326.327,375,9200.0,9200,8878,0.0,Unconstrained,0
5,300,saturation,2.0,85,1815.169,4929.0,7.563,99.072,200,321.474,373,9200.0,9200,8871,0.0,Unconstrained,0
5,300,saturation,2.0,90,1728.154,6474.0,7.62,95.994,207,317.935,381,9200.0,9200,8863,0.0,Unconstrained,0
5,500,low,0.5,0,479.818,2511.0,9.06,26.14,74,111.355,134,2300.0,2300,2184,0.0,Unconstrained,0
5,500,low,0.5,5,452.104,1525.0,9.106,25.688,63,110.604,133,2300.0,2300,2195,0.0,Unconstrained,0
5,500,low,0.5,10,378.136,887.0,9.291,23.643,46,108.232,128,2300.0,2300,2188,0.0,Unconstrained,0
5,500,low,0.5,15,355.79,702.0,9.345,22.837,41,107.445,124,2300.0,2300,2192,0.0,Unconstrained,0
5,500,low,0.5,20,286.85,690.0,9.647,19.651,33,104.015,123,2300.0,2300,2195,0.0,Unconstrained,0
5,500,low,0.5,25,249.328,566.0,9.863,17.347,31,101.554,115,2300.0,2300,2201,0.0,Unconstrained,0
5,500,low,0.5,30,193.383,688.0,10.221,14.104,33,98.189,115,2300.0,2300,2200,0.0,Unconstrained,0
5,500,low,0.5,35,136.364,508.0,10.635,10.516,25,94.351,113,2300.0,2300,2204,0.0,Unconstrained,0
5,500,low,0.5,40,113.504,322.0,10.884,8.377,17,92.203,109,2300.0,2300,2205,0.0,Unconstrained,0
5,500,low,0.5,45,82.248,423.0,11.108,6.158,28,90.359,104,2300.0,2300,2210,0.0,Unconstrained,0
5,500,low,0.5,50,110.186,310.0,10.918,8.17,17,91.879,107,2300.0,2300,2213,0.0,Unconstrained,0
5,500,low,0.5,55,137.082,336.0,10.637,10.585,23,94.335,108,2300.0,2300,2209,0.0,Unconstrained,0
5,500,low,0.5,60,180.772,531.0,10.303,13.497,34,97.41,113,2300.0,2300,2207,0.0,Unconstrained,0
5,500,low,0.5,65,231.333,519.0,9.948,16.653,32,100.846,118,2300.0,2300,2198,0.0,Unconstrained,0
5,500,low,0.5,70,299.4,719.0,9.6,19.941,33,104.328,121,2300.0,2300,2196,0.0,Unconstrained,0
5,500,low,0.5,75,367.697,719.0,9.301,23.307,41,107.889,124,2300.0,2300,2195,0.0,Unconstrained,0
5,500,low,0.5,80,369.256,840.0,9.321,23.276,50,107.887,131,2300.0,2300,2198,0.0,Unconstrained,0
5,500,low,0.5,85,430.534,1606.0,9.188,24.887,67,109.646,133,2300.0,2300,2195,0.0,Unconstrained,0
5,500,low,0.5,90,479.818,2511.0,9.06,26.14,74,111.355,134,2300.0,2300,2184,0.0,Unconstrained,0
5,500,medium,1.0,0,1142.759,4896.0,8.529,62.18,157,236.571,283,4600.0,4600,4361,0.0,Unconstrained,0
5,500,medium,1.0,5,1043.088,3272.0,8.673,58.572,138,232.337,271,4600.0,4600,4370,0.0,Unconstrained,0
5,500,medium,1.0,10,786.934,1715.0,9.065,49.27,92,221.709,265,4600.0,4600,4366,0.0,Unconstrained,0
5,500,medium,1.0,15,689.682,1410.0,9.23,45.436,79,217.346,244,4600.0,4600,4374,0.0,Unconstrained,0
5,500,medium,1.0,20,608.718,1251.0,9.416,41.084,62,212.771,242,4600.0,4600,4374,0.0,Unconstrained,0
5,500,medium,1.0,25,495.698,1060.0,9.721,34.821,59,206.063,234,4600.0,4600,4393,0.0,Unconstrained,0
5,500,medium,1.0,30,403.905,1016.0,10.035,28.91,62,199.798,223,4600.0,4600,4395,0.0,Unconstrained,0
5,500,medium,1.0,35,282.082,721.0,10.478,21.161,39,191.256,214,4600.0,4600,4407,0.0,Unconstrained,0
5,500,medium,1.0,40,237.93,607.0,10.729,16.855,32,186.77,216,4600.0,4600,4404,0.0,Unconstrained,0
5,500,medium,1.0,45,212.672,894.0,10.861,14.679,46,184.711,211,4600.0,4600,4409,0.0,Unconstrained,0
5,500,medium,1.0,50,223.607,631.0,10.78,16.096,29,185.984,210,4600.0,4600,4418,0.0,Unconstrained,0
5,500,medium,1.0,55,303.154,738.0,10.415,22.089,42,192.566,218,4600.0,4600,4409,0.0,Unconstrained,0
5,500,medium,1.0,60,396.329,1129.0,10.056,28.589,68,199.391,225,4600.0,4600,4406,0.0,Unconstrained,0
5,500,medium,1.0,65,487.75,1114.0,9.741,34.399,58,205.702,229,4600.0,4600,4387,0.0,Unconstrained,0
5,500,medium,1.0,70,604.544,1256.0,9.427,40.768,63,212.543,244,4600.0,4600,4385,0.0,Unconstrained,0
5,500,medium,1.0,75,696.272,1275.0,9.217,45.743,78,217.578,245,4600.0,4600,4380,0.0,Unconstrained,0
5,500,medium,1.0,80,771.776,1713.0,9.103,48.587,100,220.794,259,4600.0,4600,4390,0.0,Unconstrained,0
5,500,medium,1.0,85,1041.472,3090.0,8.681,58.581,136,232.129,269,4600.0,4600,4369,0.0,Unconstrained,0
5,500,medium,1.0,90,1142.759,4896.0,8.529,62.18,157,236.571,283,4600.0,4600,4361,0.0,Unconstrained,0
5,500,high,1.5,0,1768.205,6994.0,8.314,97.566,232,363.709,422,6900.0,6900,6526,0.0,Unconstrained,0
5,500,high,1.5,5,1659.194,4764.0,8.416,93.509,215,359.129,407,6900.0,6900,6525,0.0,Unconstrained,0
5,500,high,1.5,10,1382.616,2846.0,8.676,83.075,157,347.569,406,6900.0,6900,6528,0.0,Unconstrained,0
5,500,high,1.5,15,1127.4,2123.0,8.96,72.579,106,335.672,383,6900.0,6900,6550,0.0,Unconstrained,0
5,500,high,1.5,20,955.38,1682.0,9.227,63.866,91,325.616,364,6900.0,6900,6557,0.0,Unconstrained,0
5,500,high,1.5,25,789.379,1552.0,9.516,54.476,85,315.755,348,6900.0,6900,6583,0.0,Unconstrained,0
5,500,high,1.5,30,652.15,1444.0,9.802,45.353,92,306.729,342,6900.0,6900,6589,0.0,Unconstrained,0
5,500,high,1.5,35,500.734,1149.0,10.17,34.844,54,295.583,325,6900.0,6900,6595,0.0,Unconstrained,0
5,500,high,1.5,40,375.354,1000.0,10.564,25.898,47,284.569,319,6900.0,6900,6595,0.0,Unconstrained,0
5,500,high,1.5,45,373.255,1321.0,10.631,24.65,63,282.941,323,6900.0,6900,6603,0.0,Unconstrained,0
5,500,high,1.5,50,381.256,1052.0,10.556,26.026,48,284.808,319,6900.0,6900,6612,0.0,Unconstrained,0
5,500,high,1.5,55,492.941,1076.0,10.204,34.146,56,294.6,326,6900.0,6900,6602,0.0,Unconstrained,0
5,500,high,1.5,60,649.115,1476.0,9.818,44.981,91,306.02,346,6900.0,6900,6593,0.0,Unconstrained,0
5,500,high,1.5,65,779.672,1525.0,9.533,53.866,83,315.059,351,6900.0,6900,6569,0.0,Unconstrained,0
5,500,high,1.5,70,939.428,1718.0,9.252,63.082,87,324.63,360,6900.0,6900,6566,0.0,Unconstrained,0
5,500,high,1.5,75,1084.858,1867.0,9.023,70.816,106,333.281,372,6900.0,6900,6559,0.0,Unconstrained,0
5,500,high,1.5,80,1345.936,2818.0,8.726,81.441,156,345.184,400,6900.0,6900,6557,0.0,Unconstrained,0
5,500,high,1.5,85,1648.28,4764.0,8.437,93.023,213,358.088,407,6900.0,6900,6541,0.0,Unconstrained,0
5,500,high,1.5,90,1768.205,6994.0,8.314,97.566,232,363.709,422,6900.0,6900,6526,0.0,Unconstrained,0
5,500,saturation,2.0,0,2377.194,8610.0,8.12,133.432,319,495.642,577,9200.0,9200,8679,0.0,Unconstrained,0
5,500,saturation,2.0,5,2220.032,6009.0,8.238,127.19,282,488.196,556,9200.0,9200,8674,0.0,Unconstrained,0
5,500,saturation,2.0,10,1932.893,3869.0,8.434,116.031,212,476.087,541,9200.0,9200,8686,0.0,Unconstrained,0
5,500,saturation,2.0,15,1635.039,2971.0,8.696,102.903,153,460.688,519,9200.0,9200,8708,0.0,Unconstrained,0
5,500,saturation,2.0,20,1371.259,2272.0,8.957,89.881,122,446.61,496,9200.0,9200,8718,0.0,Unconstrained,0
5,500,saturation,2.0,25,1144.746,2016.0,9.245,76.996,123,432.728,483,9200.0,9200,8737,0.0,Unconstrained,0
5,500,saturation,2.0,30,943.209,2104.0,9.554,63.472,110,419.062,457,9200.0,9200,8769,0.0,Unconstrained,0
5,500,saturation,2.0,35,777.398,1589.0,9.859,50.803,82,406.171,449,9200.0,9200,8781,0.0,Unconstrained,0
5,500,saturation,2.0,40,628.863,1636.0,10.2,40.626,72,392.737,438,9200.0,9200,8782,0.0,Unconstrained,0
5,500,saturation,2.0,45,552.567,2027.0,10.416,36.039,88,384.644,434,9200.0,9200,8786,0.0,Unconstrained,0
5,500,saturation,2.0,50,574.766,1477.0,10.304,38.056,66,388.732,436,9200.0,9200,8795,0.0,Unconstrained,0
5,500,saturation,2.0,55,755.775,1520.0,9.919,49.537,73,403.687,444,9200.0,9200,8787,0.0,Unconstrained,0
5,500,saturation,2.0,60,932.782,2006.0,9.583,62.934,108,417.471,463,9200.0,9200,8778,0.0,Unconstrained,0
5,500,saturation,2.0,65,1130.301,2139.0,9.268,75.857,121,431.598,472,9200.0,9200,8741,0.0,Unconstrained,0
5,500,saturation,2.0,70,1329.598,2189.0,9.006,87.806,115,443.99,490,9200.0,9200,8725,0.0,Unconstrained,0
5,500,saturation,2.0,75,1613.157,2964.0,8.718,101.904,150,459.437,521,9200.0,9200,8719,0.0,Unconstrained,0
5,500,saturation,2.0,80,1911.276,3705.0,8.468,114.848,206,473.817,538,9200.0,9200,8725,0.0,Unconstrained,0
5,500,saturation,2.0,85,2238.903,6007.0,8.213,128.169,284,489.596,556,9200.0,9200,8703,0.0,Unconstrained,0
5,500,saturation,2.0,90,2377.194,8610.0,8.12,133.432,319,495.642,577,9200.0,9200,8679,0.0,Unconstrained,0
5,750,low,0.5,0,290.42,1749.0,10.147,22.272,80,146.026,167,2300.0,2300,2151,0.0,Unconstrained,0
5,750,low,0.5,5,314.163,1064.0,10.121,22.945,73,146.912,170,2300.0,2300,2153,0.0,Unconstrained,0
5,750,low,0.5,10,338.957,786.0,10.131,22.977,52,146.744,165,2300.0,2300,2153,0.0,Unconstrained,0
5,750,low,0.5,15,379.459,824.0,10.13,23.062,43,146.66,167,2300.0,2300,2149,0.0,Unconstrained,0
5,750,low,0.5,20,298.811,813.0,10.491,18.237,36,141.746,162,2300.0,2300,2161,0.0,Unconstrained,0
5,750,low,0.5,25,210.174,705.0,10.933,13.321,31,135.959,159,2300.0,2300,2165,0.0,Unconstrained,0
5,750,low,0.5,30,195.964,855.0,11.1,12.569,29,133.934,159,2300.0,2300,2166,0.0,Unconstrained,0
5,750,low,0.5,35,234.979,617.0,11.034,13.882,29,134.656,152,2300.0,2300,2164,0.0,Unconstrained,0
5,750,low,0.5,40,231.851,764.0,11.069,13.589,35,134.233,154,2300.0,2300,2164,0.0,Unconstrained,0
5,750,low,0.5,45,240.462,1038.0,11.023,14.049,34,134.79,155,2300.0,2300,2160,0.0,Unconstrained,0
5,750,low,0.5,50,245.115,859.0,11.016,14.152,35,134.919,161,2300.0,2300,2160,0.0,Unconstrained,0
5,750,low,0.5,55,251.83,594.0,10.976,14.601,28,135.426,155,2300.0,2300,2165,0.0,Unconstrained,0
5,750,low,0.5,60,197.601,652.0,11.089,12.762,25,134.011,153,2300.0,2300,2166,0.0,Unconstrained,0
5,750,low,0.5,65,200.192,729.0,10.963,13.146,35,135.52,156,2300.0,2300,2167,0.0,Unconstrained,0
5,750,low,0.5,70,293.796,854.0,10.519,17.764,38,141.143,166,2300.0,2300,2157,0.0,Unconstrained,0
5,750,low,0.5,75,377.113,829.0,10.146,22.762,43,146.322,167,2300.0,2300,2150,0.0,Unconstrained,0
5,750,low,0.5,80,340.347,845.0,10.126,23.008,53,146.613,166,2300.0,2300,2149,0.0,Unconstrained,0
5,750,low,0.5,85,311.535,1060.0,10.129,22.802,73,146.614,168,2300.0,2300,2153,0.0,Unconstrained,0
5,750,low,0.5,90,290.42,1749.0,10.147,22.272,80,146.026,167,2300.0,2300,2151,0.0,Unconstrained,0
5,750,medium,1.0,0,575.79,2879.0,10.025,44.659,157,296.054,340,4600.0,4600,4298,0.0,Unconstrained,0
5,750,medium,1.0,5,603.504,1795.0,10.039,45.111,132,296.009,331,4600.0,4600,4299,0.0,Unconstrained,0
5,750,medium,1.0,10,646.915,1290.0,10.038,44.818,89,295.922,329,4600.0,4600,4299,0.0,Unconstrained,0
5,750,medium,1.0,15,722.393,1431.0,10.038,44.771,73,295.536,329,4600.0,4600,4290,0.0,Unconstrained,0
5,750,medium,1.0,20,653.749,1312.0,10.255,38.858,61,289.178,323,4600.0,4600,4300,0.0,Unconstrained,0
5,750,medium,1.0,25,570.184,1213.0,10.535,33.484,60,281.652,323,4600.0,4600,4304,0.0,Unconstrained,0
5,750,medium,1.0,30,470.737,1541.0,10.822,28.729,56,274.072,310,4600.0,4600,4307,0.0,Unconstrained,0
5,750,medium,1.0,35,520.213,1427.0,10.781,30.518,63,275.213,321,4600.0,4600,4302,0.0,Unconstrained,0
5,750,medium,1.0,40,547.583,1555.0,10.765,31.321,64,275.732,308,4600.0,4600,4317,0.0,Unconstrained,0
5,750,medium,1.0,45,583.522,2303.0,10.722,32.563,74,276.814,317,4600.0,4600,4314,0.0,Unconstrained,0
5,750,medium,1.0,50,554.324,1478.0,10.764,31.601,62,275.827,306,4600.0,4600,4306,0.0,Unconstrained,0
5,750,medium,1.0,55,529.314,1104.0,10.778,30.904,53,275.451,307,4600.0,4600,4318,0.0,Unconstrained,0
5,750,medium,1.0,60,468.542,1619.0,10.836,28.646,62,274.087,316,4600.0,4600,4318,0.0,Unconstrained,0
5,750,medium,1.0,65,570.974,1387.0,10.534,33.521,67,281.674,315,4600.0,4600,4311,0.0,Unconstrained,0
5,750,medium,1.0,70,660.907,1307.0,10.257,39.066,62,289.233,326,4600.0,4600,4300,0.0,Unconstrained,0
5,750,medium,1.0,75,717.06,1409.0,10.035,44.494,73,295.464,329,4600.0,4600,4291,0.0,Unconstrained,0
5,750,medium,1.0,80,636.55,1334.0,10.027,44.627,91,295.795,330,4600.0,4600,4292,0.0,Unconstrained,0
5,750,medium,1.0,85,576.647,1792.0,10.046,44.081,131,295.442,331,4600.0,4600,4300,0.0,Unconstrained,0
5,750,medium,1.0,90,575.79,2879.0,10.025,44.659,157,296.054,340,4600.0,4600,4298,0.0,Unconstrained,0
5,750,high,1.5,0,797.972,3660.0,9.967,64.569,231,446.814,506,6900.0,6900,6447,0.0,Unconstrained,0
5,750,high,1.5,5,828.266,2248.0,9.975,64.965,175,446.798,504,6900.0,6900,6446,0.0,Unconstrained,0
5,750,high,1.5,10,903.493,1802.0,9.969,64.718,124,446.708,495,6900.0,6900,6441,0.0,Unconstrained,0
5,750,high,1.5,15,1026.098,1863.0,9.986,64.774,102,445.389,490,6900.0,6900,6430,0.0,Unconstrained,0
5,750,high,1.5,20,997.197,1797.0,10.113,59.804,88,439.533,488,6900.0,6900,6432,0.0,Unconstrained,0
5,750,high,1.5,25,947.716,1813.0,10.28,55.274,92,432.73,484,6900.0,6900,6448,0.0,Unconstrained,0
5,750,high,1.5,30,887.626,2451.0,10.432,51.506,102,426.574,485,6900.0,6900,6460,0.0,Unconstrained,0
5,750,high,1.5,35,909.069,1866.0,10.47,51.813,84,424.616,477,6900.0,6900,6459,0.0,Unconstrained,0
5,750,high,1.5,40,931.275,2437.0,10.485,52.534,104,424.396,479,6900.0,6900,6465,0.0,Unconstrained,0
5,750,high,1.5,45,955.361,3554.0,10.46,53.299,119,425.687,481,6900.0,6900,6464,0.0,Unconstrained,0
5,750,high,1.5,50,942.384,2506.0,10.473,52.881,103,424.925,476,6900.0,6900,6446,0.0,Unconstrained,0
5,750,high,1.5,55,916.371,1776.0,10.47,52.139,84,424.984,470,6900.0,6900,6452,0.0,Unconstrained,0
5,750,high,1.5,60,900.992,2484.0,10.438,51.918,103,426.218,499,6900.0,6900,6445,0.0,Unconstrained,0
5,750,high,1.5,65,944.11,1802.0,10.302,54.852,94,431.742,480,6900.0,6900,6457,0.0,Unconstrained,0
5,750,high,1.5,70,1002.784,1797.0,10.116,59.721,86,439.462,486,6900.0,6900,6435,0.0,Unconstrained,0
5,750,high,1.5,75,1036.892,1870.0,9.974,64.914,97,445.569,495,6900.0,6900,6429,0.0,Unconstrained,0
5,750,high,1.5,80,926.554,1887.0,9.946,65.722,125,447.104,496,6900.0,6900,6425,0.0,Unconstrained,0
5,750,high,1.5,85,834.591,2290.0,9.954,65.137,179,447.251,509,6900.0,6900,6443,0.0,Unconstrained,0
5,750,high,1.5,90,797.972,3660.0,9.967,64.569,231,446.814,506,6900.0,6900,6447,0.0,Unconstrained,0
5,750,saturation,2.0,0,1031.999,4015.0,9.877,84.965,268,601.047,677,9200.0,9200,8597,0.0,Unconstrained,0
5,750,saturation,2.0,5,1083.045,2625.0,9.867,85.627,208,601.919,674,9200.0,9200,8589,0.0,Unconstrained,0
5,750,saturation,2.0,10,1181.985,2192.0,9.863,85.504,152,601.394,664,9200.0,9200,8582,0.0,Unconstrained,0
5,750,saturation,2.0,15,1350.444,2464.0,9.847,86.436,133,601.461,662,9200.0,9200,8572,0.0,Unconstrained,0
5,750,saturation,2.0,20,1351.469,2229.0,9.94,81.819,113,595.562,659,9200.0,9200,8575,0.0,Unconstrained,0
5,750,saturation,2.0,25,1355.321,2293.0,10.048,78.983,134,589.676,650,9200.0,9200,8582,0.0,Unconstrained,0
5,750,saturation,2.0,30,1409.892,3069.0,10.072,79.86,134,588.501,652,9200.0,9200,8585,0.0,Unconstrained,0
5,750,saturation,2.0,35,1480.957,2327.0,10.021,82.438,120,591.567,657,9200.0,9200,8586,0.0,Unconstrained,0
5,750,saturation,2.0,40,1485.054,3134.0,10.045,82.102,137,589.898,658,9200.0,9200,8595,0.0,Unconstrained,0
5,750,saturation,2.0,45,1498.23,4441.0,10.066,82.193,153,588.123,656,9200.0,9200,8590,0.0,Unconstrained,0
5,750,saturation,2.0,50,1522.417,3226.0,10.026,83.409,139,590.963,652,9200.0,9200,8572,0.0,Unconstrained,0
5,750,saturation,2.0,55,1470.805,2395.0,10.053,81.668,116,588.894,649,9200.0,9200,8571,0.0,Unconstrained,0
5,750,saturation,2.0,60,1435.6,3142.0,10.043,80.955,136,589.893,656,9200.0,9200,8575,0.0,Unconstrained,0
5,750,saturation,2.0,65,1374.034,2347.0,10.043,79.608,129,589.908,658,9200.0,9200,8577,0.0,Unconstrained,0
5,750,saturation,2.0,70,1365.87,2297.0,9.96,81.819,114,594.696,657,9200.0,9200,8564,0.0,Unconstrained,0
5,750,saturation,2.0,75,1359.978,2449.0,9.848,86.329,136,601.227,663,9200.0,9200,8564,0.0,Unconstrained,0
5,750,saturation,2.0,80,1199.056,2227.0,9.841,86.024,155,601.869,667,9200.0,9200,8566,0.0,Unconstrained,0
5,750,saturation,2.0,85,1058.82,2597.0,9.875,84.756,207,600.797,673,9200.0,9200,8587,0.0,Unconstrained,0
5,750,saturation,2.0,90,1031.999,4015.0,9.877,84.965,268,601.047,677,9200.0,9200,8597,0.0,Unconstrained,0
