offset,vehicle_count_mean,vehicle_count_max,total_waiting_time_mean,total_waiting_time_max,mean_speed_mean,mean_speed_max,total_queue_mean,total_queue_max
0,61.872,79,221.901,967.0,8.136,11.907,14.47,39
5,61.859,80,221.396,942.0,8.149,11.907,14.438,39
10,63.998,81,262.541,996.0,7.921,11.907,16.23,40
15,65.272,79,281.082,1022.0,7.81,11.907,17.211,41
20,65.302,77,268.215,944.0,7.846,11.508,16.996,41
25,63.816,75,227.012,815.0,8.048,11.017,15.574,39
30,63.793,75,201.284,724.0,8.063,11.386,14.664,36
35,64.234,78,186.674,619.0,8.007,11.2,14.342,35
40,64.372,77,174.244,613.0,7.98,11.017,14.321,37
