offset_j2,offset_j3,rows,mean_vehicle_count,max_vehicle_count,mean_total_waiting_time,max_total_waiting_time,mean_speed,min_mean_speed,mean_total_queue,max_total_queue,mean_E1_queue_J1_J2,mean_neg_E1_queue_J2_J1,mean_E2_queue_J2_J3,mean_neg_E2_queue_J3_J2,total_departed,total_arrived,final_active,final_buffered,buffered_ratio
0,0,3600,92.896,111,418.791,1838.0,7.513,0.0,26.347,69,3.069,4.564,5.169,1.678,3400,3303,97,0,0.0
0,5,3600,93.216,112,434.912,1771.0,7.483,0.0,26.744,67,3.004,3.358,5.902,2.465,3400,3304,96,0,0.0
0,10,3600,92.958,115,445.624,1700.0,7.494,0.0,26.609,67,3.049,1.818,4.982,4.447,3400,3298,102,0,0.0
0,15,3600,92.075,118,437.307,1594.0,7.573,0.0,25.834,63,2.964,0.906,3.888,5.901,3400,3296,104,0,0.0
0,20,3600,90.896,119,415.693,1585.0,7.702,0.0,24.788,62,2.999,1.019,2.229,6.492,3400,3295,105,0,0.0
0,25,3600,87.965,117,346.443,1473.0,7.996,0.0,22.068,58,2.978,1.035,0.499,5.532,3400,3299,101,0,0.0
0,30,3600,86.731,113,309.766,1272.0,8.117,0.0,20.658,53,3.006,0.989,0.055,4.602,3400,3301,99,0,0.0
0,35,3600,86.341,115,291.344,1235.0,8.154,0.0,20.061,51,3.04,0.916,0.305,3.654,3400,3304,96,0,0.0
0,40,3600,85.987,112,280.393,1005.0,8.191,0.0,19.714,50,3.011,0.99,0.718,2.774,3400,3305,95,0,0.0
0,45,3600,85.819,110,270.804,1139.0,8.241,0.0,19.163,52,3.017,1.035,1.108,1.9,3400,3306,94,0,0.0
0,50,3600,85.952,107,267.12,1106.0,8.274,0.0,18.835,50,3.031,1.001,1.672,1.116,3400,3307,93,0,0.0
0,55,3600,86.549,105,277.486,979.0,8.245,0.0,19.256,44,3.101,1.164,2.596,0.407,3400,3306,94,0,0.0
0,60,3600,86.886,105,288.316,972.0,8.214,0.0,19.918,48,2.939,1.384,3.639,0.037,3400,3308,92,0,0.0
0,65,3600,88.222,104,323.483,976.0,8.061,0.0,21.773,56,2.976,1.807,4.855,0.011,3400,3309,91,0,0.0
0,70,3600,91.147,108,382.731,1253.0,7.775,0.0,24.41,65,2.992,2.88,6.067,0.26,3400,3303,97,0,0.0
0,75,3600,92.429,110,413.382,1473.0,7.63,0.0,25.673,66,3.002,3.955,5.918,0.648,3400,3303,97,0,0.0
0,80,3600,92.13,113,408.902,1629.0,7.614,0.0,25.593,67,2.941,4.889,4.738,1.071,3400,3303,97,0,0.0
0,85,3600,93.218,112,428.959,1737.0,7.5,0.0,26.632,69,3.025,5.599,4.608,1.375,3400,3305,95,0,0.0
0,90,3600,92.896,111,418.791,1838.0,7.513,0.0,26.347,69,3.069,4.564,5.169,1.678,3400,3303,97,0,0.0
5,0,3600,92.839,110,411.33,1704.0,7.54,0.0,26.16,69,1.981,4.821,5.948,1.492,3400,3308,92,0,0.0
5,5,3600,93.169,109,424.966,1595.0,7.502,0.0,26.527,67,1.956,3.882,6.841,1.778,3400,3306,94,0,0.0
5,10,3600,92.303,110,419.157,1506.0,7.562,0.0,25.897,66,1.974,2.869,6.139,2.498,3400,3303,97,0,0.0
5,15,3600,91.725,113,426.536,1521.0,7.614,0.0,25.59,63,1.941,2.096,4.869,4.453,3400,3298,102,0,0.0
5,20,3600,92.345,117,447.361,1530.0,7.597,0.0,26.106,67,1.958,2.632,3.414,6.027,3400,3300,100,0,0.0
5,25,3600,91.216,119,422.446,1506.0,7.724,0.0,25.082,64,1.947,2.966,1.605,6.489,3400,3301,99,0,0.0
5,30,3600,88.563,112,360.869,1225.0,7.985,0.0,22.701,55,1.958,2.918,0.315,5.53,3400,3306,94,0,0.0
5,35,3600,87.831,110,335.108,1147.0,8.052,0.0,21.76,52,1.961,3.002,0.062,4.604,3400,3309,91,0,0.0
5,40,3600,87.318,109,317.366,1105.0,8.093,0.0,21.149,51,1.986,2.959,0.253,3.673,3400,3310,90,0,0.0
5,45,3600,86.651,107,297.745,1111.0,8.165,0.0,20.267,53,1.954,3.05,0.513,2.703,3400,3311,89,0,0.0
5,50,3600,86.698,106,289.656,1061.0,8.192,0.0,19.784,49,2.004,2.919,0.848,1.895,3400,3311,89,0,0.0
5,55,3600,86.716,104,283.122,929.0,8.222,0.0,19.408,43,1.958,2.906,1.421,1.112,3400,3312,88,0,0.0
5,60,3600,87.141,105,288.065,875.0,8.197,0.0,19.694,42,1.956,2.951,2.384,0.415,3400,3314,86,0,0.0
5,65,3600,87.514,103,298.601,891.0,8.149,0.0,20.431,52,1.981,2.735,3.596,0.032,3400,3315,85,0,0.0
5,70,3600,88.444,102,323.509,969.0,8.033,0.0,21.881,60,1.934,2.904,4.76,0.036,3400,3309,91,0,0.0
5,75,3600,91.355,105,382.457,1189.0,7.745,0.0,24.591,62,1.96,4.15,6.024,0.388,3400,3309,91,0,0.0
5,80,3600,92.376,108,404.288,1434.0,7.625,0.0,25.561,67,1.962,5.071,5.769,0.828,3400,3309,91,0,0.0
5,85,3600,92.996,110,415.506,1580.0,7.545,0.0,26.208,67,1.947,5.79,5.221,1.16,3400,3310,90,0,0.0
5,90,3600,92.839,110,411.33,1704.0,7.54,0.0,26.16,69,1.981,4.821,5.948,1.492,3400,3308,92,0,0.0
10,0,3600,93.031,110,410.118,1667.0,7.553,0.0,26.17,69,1.438,5.114,6.392,1.124,3400,3312,88,0,0.0
10,5,3600,93.388,109,426.716,1549.0,7.509,0.0,26.644,68,1.459,4.243,7.256,1.469,3400,3309,91,0,0.0
10,10,3600,92.112,108,409.618,1383.0,7.6,0.0,25.603,66,1.453,3.433,6.612,1.649,3400,3307,93,0,0.0
10,15,3600,90.906,111,401.067,1279.0,7.705,0.0,24.753,63,1.472,2.901,5.478,2.549,3400,3305,95,0,0.0
10,20,3600,91.843,116,434.602,1400.0,7.656,0.0,25.742,66,1.473,3.717,3.872,4.454,3400,3306,94,0,0.0
10,25,3600,92.984,118,461.467,1495.0,7.602,0.0,26.666,68,1.382,4.665,2.241,6.144,3400,3305,95,0,0.0
10,30,3600,92.193,115,440.441,1356.0,7.695,0.0,25.896,62,1.446,4.928,0.885,6.504,3400,3306,94,0,0.0
10,35,3600,90.449,110,396.474,1277.0,7.853,0.0,24.292,56,1.444,4.849,0.156,5.55,3400,3312,88,0,0.0
10,40,3600,89.572,108,366.796,1122.0,7.921,0.0,23.234,54,1.432,4.724,0.041,4.622,3400,3313,87,0,0.0
10,45,3600,88.945,109,344.915,1281.0,7.974,0.0,22.395,57,1.451,4.858,0.195,3.648,3400,3313,87,0,0.0
10,50,3600,88.623,105,328.356,1105.0,8.019,0.0,21.617,50,1.473,4.812,0.411,2.735,3400,3315,85,0,0.0
10,55,3600,88.811,104,319.253,1119.0,8.03,0.0,21.172,49,1.429,4.87,0.815,1.877,3400,3315,85,0,0.0
10,60,3600,89.062,104,315.781,972.0,8.025,0.0,21.198,44,1.465,4.83,1.69,1.103,3400,3317,83,0,0.0
10,65,3600,89.669,104,326.595,992.0,7.967,0.0,21.77,56,1.402,4.87,2.758,0.399,3400,3318,82,0,0.0
10,70,3600,90.044,103,341.685,926.0,7.918,0.0,22.609,60,1.456,4.69,4.019,0.031,3400,3312,88,0,0.0
10,75,3600,90.01,102,350.161,1095.0,7.886,0.0,23.272,62,1.44,4.337,5.21,0.012,3400,3313,87,0,0.0
10,80,3600,92.688,109,402.165,1393.0,7.632,0.0,25.654,68,1.434,5.33,6.381,0.377,3400,3313,87,0,0.0
10,85,3600,93.728,111,426.071,1666.0,7.52,0.0,26.711,68,1.435,6.061,6.281,0.761,3400,3312,88,0,0.0
10,90,3600,93.031,110,410.118,1667.0,7.553,0.0,26.17,69,1.438,5.114,6.392,1.124,3400,3312,88,0,0.0
15,0,3600,93.452,110,414.457,1812.0,7.553,0.0,26.382,71,0.987,5.511,7.08,0.774,3400,3311,89,0,0.0
15,5,3600,93.715,109,428.996,1622.0,7.516,0.0,26.766,69,1.006,4.905,7.612,1.141,3400,3310,90,0,0.0
15,10,3600,92.921,109,419.682,1411.0,7.568,0.0,26.113,67,0.979,4.335,7.019,1.366,3400,3307,93,0,0.0
15,15,3600,91.257,107,398.25,1234.0,7.712,0.0,24.827,65,0.97,3.959,5.963,1.654,3400,3307,93,0,0.0
15,20,3600,90.475,113,392.697,1238.0,7.797,0.0,24.221,64,0.995,4.16,4.411,2.506,3400,3310,90,0,0.0
15,25,3600,91.787,116,431.178,1265.0,7.718,0.0,25.566,65,0.991,5.236,2.743,4.514,3400,3308,92,0,0.0
15,30,3600,93.157,114,458.467,1314.0,7.64,0.0,26.678,65,0.99,6.061,1.401,6.164,3400,3308,92,0,0.0
15,35,3600,93.046,112,450.07,1255.0,7.663,0.0,26.5,56,0.948,6.203,0.609,6.506,3400,3312,88,0,0.0
15,40,3600,91.694,109,412.247,1184.0,7.773,0.0,25.209,56,1.002,6.241,0.073,5.56,3400,3313,87,0,0.0
15,45,3600,90.798,107,381.045,1260.0,7.843,0.0,24.064,59,0.979,6.301,0.025,4.581,3400,3314,86,0,0.0
15,50,3600,90.425,106,363.345,1164.0,7.874,0.0,23.343,54,0.989,6.424,0.144,3.655,3400,3315,85,0,0.0
15,55,3600,90.334,106,344.317,1090.0,7.896,0.0,22.559,48,0.995,6.328,0.451,2.711,3400,3315,85,0,0.0
15,60,3600,90.581,103,335.922,1027.0,7.89,0.0,22.388,50,1.002,6.387,1.136,1.875,3400,3317,83,0,0.0
15,65,3600,91.057,102,339.117,1024.0,7.847,0.0,22.749,54,1.005,6.397,2.157,1.098,3400,3318,82,0,0.0
15,70,3600,91.485,103,349.517,1030.0,7.803,0.0,23.272,61,0.985,6.282,3.316,0.408,3400,3312,88,0,0.0
15,75,3600,91.655,104,363.126,1110.0,7.767,0.0,23.898,61,0.983,6.109,4.532,0.029,3400,3313,87,0,0.0
15,80,3600,91.324,107,368.644,1300.0,7.767,0.0,24.324,65,1.001,5.51,5.759,0.025,3400,3314,86,0,0.0
15,85,3600,93.967,110,422.01,1604.0,7.528,0.0,26.686,70,0.968,6.366,6.919,0.327,3400,3314,86,0,0.0
15,90,3600,93.452,110,414.457,1812.0,7.553,0.0,26.382,71,0.987,5.511,7.08,0.774,3400,3311,89,0,0.0
20,0,3600,93.408,110,405.702,1690.0,7.577,0.0,26.154,71,0.364,5.939,7.46,0.477,3400,3315,85,0,0.0
20,5,3600,94.14,110,430.957,1653.0,7.51,0.0,26.949,70,0.411,5.556,8.158,0.885,3400,3312,88,0,0.0
20,10,3600,93.174,107,419.474,1392.0,7.581,0.0,26.237,69,0.389,5.11,7.382,1.153,3400,3309,91,0,0.0
20,15,3600,91.876,106,401.294,1247.0,7.693,0.0,25.146,66,0.391,4.7,6.418,1.446,3400,3309,91,0,0.0
20,20,3600,89.586,107,366.529,1043.0,7.899,0.0,23.308,62,0.416,4.356,4.759,1.758,3400,3312,88,0,0.0
20,25,3600,89.001,110,361.865,1065.0,7.974,0.0,22.852,62,0.39,4.544,3.234,2.658,3400,3314,86,0,0.0
20,30,3600,90.69,107,400.432,1106.0,7.855,0.0,24.426,61,0.391,5.551,1.953,4.561,3400,3312,88,0,0.0
20,35,3600,92.736,109,439.933,1175.0,7.701,0.0,26.163,59,0.452,6.382,1.147,6.077,3400,3316,84,0,0.0
20,40,3600,93.29,110,444.041,1127.0,7.66,0.0,26.597,57,0.404,6.902,0.508,6.533,3400,3316,84,0,0.0
20,45,3600,91.678,107,397.647,1237.0,7.79,0.0,24.956,59,0.416,6.899,0.024,5.52,3400,3317,83,0,0.0
20,50,3600,90.921,107,371.805,1145.0,7.847,0.0,23.997,55,0.402,6.931,0.01,4.593,3400,3318,82,0,0.0
20,55,3600,90.67,107,347.103,1045.0,7.872,0.0,23.049,49,0.351,6.904,0.173,3.636,3400,3318,82,0,0.0
20,60,3600,90.937,107,333.371,990.0,7.857,0.0,22.679,46,0.425,6.933,0.699,2.724,3400,3320,80,0,0.0
20,65,3600,91.347,105,328.921,979.0,7.82,0.0,22.787,61,0.394,6.904,1.564,1.874,3400,3320,80,0,0.0
20,70,3600,91.811,105,335.858,960.0,7.777,0.0,23.273,61,0.44,6.905,2.691,1.093,3400,3315,85,0,0.0
20,75,3600,92.099,106,346.105,967.0,7.737,0.0,23.708,61,0.454,6.82,3.903,0.413,3400,3315,85,0,0.0
20,80,3600,91.916,107,357.118,1206.0,7.735,0.0,24.072,64,0.355,6.685,5.055,0.034,3400,3317,83,0,0.0
20,85,3600,92.418,108,384.942,1498.0,7.673,0.0,25.215,67,0.368,6.521,6.283,0.036,3400,3318,82,0,0.0
20,90,3600,93.408,110,405.702,1690.0,7.577,0.0,26.154,71,0.364,5.939,7.46,0.477,3400,3315,85,0,0.0
25,0,3600,91.727,109,364.573,1563.0,7.73,0.0,24.521,69,0.025,5.522,7.12,0.0,3400,3314,86,0,0.0
25,5,3600,92.876,109,397.79,1461.0,7.627,0.0,25.674,69,0.036,4.95,8.338,0.326,3400,3312,88,0,0.0
25,10,3600,91.962,107,390.252,1324.0,7.702,0.0,25.056,69,0.024,4.539,7.645,0.687,3400,3310,90,0,0.0
25,15,3600,90.405,105,369.307,1163.0,7.841,0.0,23.854,65,0.037,4.138,6.574,1.053,3400,3311,89,0,0.0
25,20,3600,88.524,106,337.93,996.0,8.014,0.0,22.191,61,0.024,3.702,5.132,1.389,3400,3313,87,0,0.0
25,25,3600,86.536,107,307.534,1033.0,8.212,0.0,20.528,57,0.024,3.39,3.421,1.746,3400,3316,84,0,0.0
25,30,3600,86.195,105,307.172,915.0,8.264,0.0,20.333,52,0.038,3.558,2.269,2.555,3400,3319,81,0,0.0
25,35,3600,88.803,109,357.399,937.0,8.038,0.0,22.661,53,0.012,4.583,1.489,4.481,3400,3320,80,0,0.0
25,40,3600,90.999,109,393.537,924.0,7.852,0.0,24.488,53,0.037,5.427,0.885,5.986,3400,3318,82,0,0.0
25,45,3600,91.345,109,389.535,1119.0,7.824,0.0,24.706,58,0.037,5.992,0.201,6.469,3400,3318,82,0,0.0
25,50,3600,90.399,107,357.025,1042.0,7.899,0.0,23.657,55,0.024,5.982,0.023,5.573,3400,3319,81,0,0.0
25,55,3600,89.986,106,327.047,946.0,7.936,0.0,22.608,49,0.05,5.999,0.097,4.577,3400,3319,81,0,0.0
25,60,3600,90.148,109,306.635,904.0,7.926,0.0,22.023,43,0.037,5.989,0.488,3.625,3400,3320,80,0,0.0
25,65,3600,90.516,108,296.668,871.0,7.89,0.0,22.044,52,0.05,5.964,1.334,2.718,3400,3322,78,0,0.0
25,70,3600,90.944,107,296.546,856.0,7.849,0.0,22.299,66,0.025,5.974,2.323,1.877,3400,3317,83,0,0.0
25,75,3600,91.199,105,304.639,853.0,7.815,0.0,22.734,65,0.037,5.976,3.526,1.116,3400,3317,83,0,0.0
25,80,3600,91.205,106,314.873,1058.0,7.802,0.0,22.952,62,0.038,5.885,4.739,0.421,3400,3319,81,0,0.0
25,85,3600,91.558,107,340.447,1352.0,7.756,0.0,23.742,66,0.012,5.779,5.969,0.033,3400,3319,81,0,0.0
25,90,3600,91.727,109,364.573,1563.0,7.73,0.0,24.521,69,0.025,5.522,7.12,0.0,3400,3314,86,0,0.0
30,0,3600,91.662,109,314.045,1385.0,7.742,0.0,22.927,69,0.03,4.831,6.201,0.031,3400,3316,84,0,0.0
30,5,3600,92.279,108,352.438,1336.0,7.686,0.0,24.207,66,0.034,4.644,7.458,0.047,3400,3314,86,0,0.0
30,10,3600,93.354,108,386.778,1252.0,7.597,0.0,25.237,66,0.035,4.078,8.626,0.293,3400,3310,90,0,0.0
30,15,3600,92.618,105,387.766,1116.0,7.666,0.0,24.786,64,0.029,3.659,8.203,0.755,3400,3310,90,0,0.0
30,20,3600,90.603,104,358.909,998.0,7.846,0.0,23.147,60,0.032,3.223,6.782,1.159,3400,3312,88,0,0.0
30,25,3600,88.212,105,323.878,937.0,8.069,0.0,21.238,55,0.032,2.837,4.943,1.465,3400,3317,83,0,0.0
30,30,3600,85.781,103,284.276,899.0,8.308,0.0,19.13,47,0.033,2.476,2.96,1.758,3400,3321,79,0,0.0
30,35,3600,85.661,103,283.633,853.0,8.327,0.0,19.03,45,0.034,2.711,1.615,2.615,3400,3324,76,0,0.0
30,40,3600,88.185,106,325.192,808.0,8.093,0.0,21.177,44,0.031,3.61,0.946,4.422,3400,3324,76,0,0.0
30,45,3600,90.09,108,351.463,962.0,7.926,0.0,22.842,53,0.035,4.543,0.218,6.075,3400,3321,79,0,0.0
30,50,3600,91.038,107,358.152,961.0,7.843,0.0,23.633,54,0.033,5.064,0.046,6.522,3400,3321,79,0,0.0
30,55,3600,90.001,106,324.076,854.0,7.927,0.0,22.549,48,0.031,5.058,0.0,5.544,3400,3322,78,0,0.0
30,60,3600,90.083,108,296.825,845.0,7.927,0.0,21.574,43,0.035,5.052,0.048,4.596,3400,3323,77,0,0.0
30,65,3600,90.545,109,280.334,793.0,7.881,0.0,21.208,41,0.033,5.033,0.467,3.647,3400,3324,76,0,0.0
30,70,3600,90.997,108,272.511,767.0,7.834,0.0,21.437,55,0.035,5.05,1.45,2.74,3400,3319,81,0,0.0
30,75,3600,91.22,107,270.476,820.0,7.801,0.0,21.689,63,0.031,5.062,2.58,1.912,3400,3320,80,0,0.0
30,80,3600,91.16,106,273.813,892.0,7.796,0.0,21.872,67,0.034,5.048,3.802,1.122,3400,3321,79,0,0.0
30,85,3600,91.509,108,289.954,1165.0,7.758,0.0,22.277,65,0.033,4.953,4.978,0.404,3400,3320,80,0,0.0
30,90,3600,91.662,109,314.045,1385.0,7.742,0.0,22.927,69,0.03,4.831,6.201,0.031,3400,3316,84,0,0.0
35,0,3600,91.796,108,270.524,1221.0,7.72,0.0,21.854,69,0.422,4.02,5.057,0.399,3400,3316,84,0,0.0
35,5,3600,92.251,108,300.614,1140.0,7.687,0.0,22.748,66,0.423,3.914,6.284,0.041,3400,3315,85,0,0.0
35,10,3600,92.888,106,340.926,1082.0,7.638,0.0,24.062,64,0.424,3.79,7.506,0.036,3400,3311,89,0,0.0
35,15,3600,93.696,107,373.917,1009.0,7.581,0.0,24.869,63,0.419,3.165,8.71,0.328,3400,3309,91,0,0.0
35,20,3600,92.808,104,373.842,1063.0,7.661,0.0,24.254,62,0.425,2.666,8.276,0.746,3400,3310,90,0,0.0
35,25,3600,91.112,106,353.816,1019.0,7.811,0.0,22.856,57,0.418,2.22,6.988,1.112,3400,3313,87,0,0.0
35,30,3600,89.004,105,327.389,1021.0,8.0,0.0,21.23,50,0.414,1.901,5.29,1.504,3400,3319,81,0,0.0
35,35,3600,86.735,104,291.961,942.0,8.202,0.0,19.339,42,0.415,1.662,3.263,1.781,3400,3323,77,0,0.0
35,40,3600,85.76,106,273.669,879.0,8.289,0.0,18.531,42,0.413,1.898,1.32,2.574,3400,3327,73,0,0.0
35,45,3600,87.712,108,294.818,828.0,8.109,0.0,20.05,48,0.413,2.816,0.217,4.523,3400,3327,73,0,0.0
35,50,3600,90.031,110,328.307,796.0,7.901,0.0,22.124,51,0.422,3.595,0.059,5.989,3400,3323,77,0,0.0
35,55,3600,91.286,109,334.478,755.0,7.794,0.0,23.062,48,0.424,4.131,0.0,6.481,3400,3322,78,0,0.0
35,60,3600,90.404,108,304.891,752.0,7.871,0.0,22.141,42,0.413,4.141,0.0,5.554,3400,3323,77,0,0.0
35,65,3600,90.677,108,280.868,711.0,7.85,0.0,21.32,42,0.414,4.108,0.036,4.6,3400,3324,76,0,0.0
35,70,3600,91.146,109,262.752,666.0,7.803,0.0,20.852,44,0.415,4.092,0.445,3.635,3400,3319,81,0,0.0
35,75,3600,91.401,109,253.308,698.0,7.763,0.0,21.037,57,0.417,4.131,1.449,2.769,3400,3319,81,0,0.0
35,80,3600,91.318,108,246.912,887.0,7.76,0.0,21.158,64,0.436,4.149,2.654,1.89,3400,3321,79,0,0.0
35,85,3600,91.717,107,257.006,955.0,7.721,0.0,21.646,64,0.433,4.119,3.885,1.108,3400,3319,81,0,0.0
35,90,3600,91.796,108,270.524,1221.0,7.72,0.0,21.854,69,0.422,4.02,5.057,0.399,3400,3316,84,0,0.0
40,0,3600,91.893,109,240.59,1011.0,7.692,0.0,21.48,66,1.305,3.161,3.894,1.106,3400,3316,84,0,0.0
40,5,3600,92.361,108,262.334,950.0,7.665,0.0,22.078,65,1.308,3.1,5.105,0.411,3400,3316,84,0,0.0
40,10,3600,92.884,107,296.983,924.0,7.634,0.0,23.147,64,1.297,3.041,6.356,0.037,3400,3311,89,0,0.0
40,15,3600,93.072,107,327.402,865.0,7.632,0.0,23.994,62,1.294,2.877,7.51,0.05,3400,3309,91,0,0.0
40,20,3600,93.788,106,362.531,994.0,7.576,0.0,24.722,60,1.301,2.194,8.719,0.287,3400,3308,92,0,0.0
40,25,3600,93.222,107,369.741,1117.0,7.628,0.0,24.306,57,1.288,1.713,8.351,0.715,3400,3311,89,0,0.0
40,30,3600,91.075,106,348.004,1002.0,7.806,0.0,22.736,47,1.293,1.282,6.997,1.021,3400,3315,85,0,0.0
40,35,3600,89.14,105,324.691,1011.0,7.963,0.0,21.318,44,1.293,1.069,5.279,1.395,3400,3319,81,0,0.0
40,40,3600,86.836,106,291.001,1006.0,8.147,0.0,19.613,50,1.297,1.014,3.231,1.663,3400,3322,78,0,0.0
40,45,3600,85.865,108,266.016,991.0,8.229,0.0,18.763,48,1.294,1.445,1.199,2.649,3400,3328,72,0,0.0
40,50,3600,87.69,109,283.889,847.0,8.063,0.0,20.113,46,1.305,2.132,0.096,4.421,3400,3328,72,0,0.0
40,55,3600,90.351,111,316.155,880.0,7.828,0.0,22.194,50,1.308,2.771,0.0,6.008,3400,3323,77,0,0.0
40,60,3600,91.586,112,320.386,839.0,7.735,0.0,23.034,50,1.296,3.206,0.0,6.483,3400,3323,77,0,0.0
40,65,3600,90.968,111,295.328,765.0,7.795,0.0,22.308,50,1.297,3.189,0.0,5.562,3400,3324,76,0,0.0
40,70,3600,91.239,111,271.4,645.0,7.77,0.0,21.469,49,1.289,3.172,0.042,4.615,3400,3319,81,0,0.0
40,75,3600,91.412,110,250.323,635.0,7.742,0.0,20.882,47,1.301,3.191,0.443,3.679,3400,3319,81,0,0.0
40,80,3600,91.499,110,235.331,715.0,7.72,0.0,20.806,58,1.293,3.207,1.46,2.732,3400,3321,79,0,0.0
40,85,3600,91.726,110,233.352,980.0,7.696,0.0,21.166,67,1.319,3.197,2.664,1.915,3400,3320,80,0,0.0
40,90,3600,91.893,109,240.59,1011.0,7.692,0.0,21.48,66,1.305,3.161,3.894,1.106,3400,3316,84,0,0.0
45,0,3600,91.884,111,227.171,1033.0,7.671,0.0,21.192,70,2.371,2.261,2.691,1.859,3400,3315,85,0,0.0
45,5,3600,92.32,110,239.386,945.0,7.651,0.0,21.735,67,2.384,2.214,3.881,1.099,3400,3315,85,0,0.0
45,10,3600,92.873,107,263.485,939.0,7.626,0.0,22.486,66,2.374,2.232,5.081,0.429,3400,3312,88,0,0.0
45,15,3600,92.918,107,287.217,889.0,7.643,0.0,23.03,64,2.383,2.079,6.3,0.036,3400,3310,90,0,0.0
45,20,3600,93.097,105,320.946,898.0,7.636,0.0,24.003,63,2.328,1.991,7.54,0.0,3400,3308,92,0,0.0
45,25,3600,93.855,106,360.154,1044.0,7.575,0.0,24.815,60,2.383,1.328,8.73,0.235,3400,3309,91,0,0.0
45,30,3600,93.159,106,367.014,1147.0,7.631,0.0,24.347,52,2.358,0.906,8.335,0.665,3400,3312,88,0,0.0
45,35,3600,91.622,107,356.564,1139.0,7.744,0.0,23.329,48,2.359,0.637,7.045,1.013,3400,3316,84,0,0.0
45,40,3600,89.554,106,331.85,1130.0,7.893,0.0,21.993,54,2.363,0.585,5.344,1.329,3400,3320,80,0,0.0
45,45,3600,87.076,107,290.651,1168.0,8.092,0.0,20.201,52,2.379,0.733,3.275,1.658,3400,3323,77,0,0.0
45,50,3600,86.324,107,269.156,976.0,8.15,0.0,19.456,47,2.387,1.05,1.222,2.617,3400,3326,74,0,0.0
45,55,3600,87.981,112,281.768,929.0,7.994,0.0,20.497,47,2.359,1.556,0.051,4.459,3400,3327,73,0,0.0
45,60,3600,90.856,112,313.749,1000.0,7.758,0.0,22.49,49,2.363,1.985,0.0,6.116,3400,3327,73,0,0.0
45,65,3600,92.161,112,319.488,993.0,7.658,0.0,23.321,51,2.375,2.229,0.0,6.484,3400,3324,76,0,0.0
45,70,3600,91.273,111,290.44,872.0,7.745,0.0,22.423,49,2.353,2.251,0.0,5.546,3400,3319,81,0,0.0
45,75,3600,91.294,111,263.835,784.0,7.731,0.0,21.45,47,2.356,2.246,0.04,4.616,3400,3320,80,0,0.0
45,80,3600,91.386,112,240.218,667.0,7.712,0.0,20.737,45,2.362,2.264,0.443,3.628,3400,3321,79,0,0.0
45,85,3600,91.826,112,231.603,751.0,7.667,0.0,20.985,58,2.368,2.258,1.476,2.734,3400,3320,80,0,0.0
45,90,3600,91.884,111,227.171,1033.0,7.671,0.0,21.192,70,2.371,2.261,2.691,1.859,3400,3315,85,0,0.0
50,0,3600,91.849,115,231.239,829.0,7.661,0.0,20.878,55,3.504,1.303,1.428,2.713,3400,3316,84,0,0.0
50,5,3600,92.178,112,232.976,762.0,7.65,0.0,21.392,57,3.489,1.334,2.677,1.864,3400,3314,86,0,0.0
50,10,3600,92.793,112,248.107,732.0,7.621,0.0,22.106,54,3.468,1.328,3.87,1.126,3400,3312,88,0,0.0
50,15,3600,92.919,110,263.845,677.0,7.637,0.0,22.449,53,3.473,1.282,5.089,0.429,3400,3310,90,0,0.0
50,20,3600,93.02,108,289.936,790.0,7.646,0.0,23.155,52,3.506,1.249,6.317,0.033,3400,3308,92,0,0.0
50,25,3600,93.3,107,324.541,923.0,7.624,0.0,24.207,51,3.496,1.148,7.513,0.037,3400,3309,91,0,0.0
50,30,3600,94.22,107,370.024,1042.0,7.546,0.0,25.27,47,3.502,0.65,8.741,0.379,3400,3310,90,0,0.0
50,35,3600,93.818,107,384.769,1153.0,7.563,0.0,25.212,52,3.514,0.388,8.374,0.786,3400,3312,88,0,0.0
50,40,3600,92.133,107,370.994,1198.0,7.676,0.0,24.234,59,3.494,0.325,7.056,1.141,3400,3316,84,0,0.0
50,45,3600,89.708,107,336.535,1218.0,7.859,0.0,22.627,53,3.497,0.419,5.134,1.511,3400,3320,80,0,0.0
50,50,3600,87.871,110,303.148,1020.0,8.005,0.0,21.102,52,3.476,0.501,3.244,1.778,3400,3323,77,0,0.0
50,55,3600,86.851,109,274.361,941.0,8.084,0.0,19.992,48,3.477,0.687,1.21,2.636,3400,3323,77,0,0.0
50,60,3600,88.362,111,287.078,852.0,7.944,0.0,20.89,49,3.506,0.944,0.038,4.503,3400,3328,72,0,0.0
50,65,3600,91.414,114,323.76,929.0,7.691,0.0,22.95,51,3.477,1.181,0.0,6.198,3400,3325,75,0,0.0
50,70,3600,92.429,115,325.291,887.0,7.619,0.0,23.517,51,3.458,1.318,0.0,6.496,3400,3318,82,0,0.0
50,75,3600,91.294,113,292.504,774.0,7.72,0.0,22.454,50,3.495,1.314,0.0,5.55,3400,3320,80,0,0.0
50,80,3600,91.227,113,263.702,676.0,7.713,0.0,21.393,47,3.504,1.322,0.039,4.558,3400,3321,79,0,0.0
50,85,3600,91.552,116,243.641,636.0,7.679,0.0,20.856,49,3.491,1.339,0.441,3.625,3400,3320,80,0,0.0
50,90,3600,91.849,115,231.239,829.0,7.661,0.0,20.878,55,3.504,1.303,1.428,2.713,3400,3316,84,0,0.0
55,0,3600,91.708,117,256.983,680.0,7.663,0.0,21.039,49,4.689,0.446,0.438,3.594,3400,3316,84,0,0.0
55,5,3600,92.138,115,249.259,623.0,7.642,0.0,21.336,49,4.697,0.457,1.481,2.695,3400,3316,84,0,0.0
55,10,3600,92.684,114,253.705,697.0,7.618,0.0,21.972,51,4.682,0.475,2.674,1.917,3400,3311,89,0,0.0
55,15,3600,92.807,112,260.31,589.0,7.637,0.0,22.279,45,4.681,0.445,3.881,1.139,3400,3310,90,0,0.0
55,20,3600,93.045,112,277.913,694.0,7.641,0.0,22.712,45,4.687,0.447,5.085,0.419,3400,3308,92,0,0.0
55,25,3600,93.303,111,307.018,791.0,7.629,0.0,23.585,44,4.699,0.45,6.326,0.029,3400,3309,91,0,0.0
55,30,3600,93.515,108,339.635,924.0,7.609,0.0,24.686,45,4.708,0.494,7.515,0.012,3400,3310,90,0,0.0
55,35,3600,94.607,108,389.779,1094.0,7.509,0.0,26.024,52,4.703,0.168,8.734,0.352,3400,3310,90,0,0.0
55,40,3600,94.146,108,403.768,1301.0,7.523,0.0,26.108,61,4.687,0.11,8.328,0.757,3400,3312,88,0,0.0
55,45,3600,92.543,108,386.773,1304.0,7.635,0.0,25.13,57,4.706,0.171,7.016,1.209,3400,3316,84,0,0.0
55,50,3600,90.586,111,354.131,1153.0,7.783,0.0,23.563,55,4.682,0.209,5.164,1.483,3400,3318,82,0,0.0
55,55,3600,88.724,111,318.768,1172.0,7.928,0.0,21.968,52,4.709,0.254,3.222,1.785,3400,3318,82,0,0.0
55,60,3600,87.414,111,290.18,1015.0,8.032,0.0,20.724,49,4.714,0.322,1.181,2.608,3400,3324,76,0,0.0
55,65,3600,89.135,115,306.938,931.0,7.87,0.0,21.608,49,4.688,0.364,0.024,4.524,3400,3324,76,0,0.0
55,70,3600,91.901,116,342.572,1060.0,7.642,0.0,23.452,52,4.679,0.397,0.0,6.198,3400,3317,83,0,0.0
55,75,3600,92.538,116,339.022,963.0,7.593,0.0,23.743,52,4.703,0.45,0.0,6.485,3400,3319,81,0,0.0
55,80,3600,91.374,115,303.542,855.0,7.692,0.0,22.573,52,4.678,0.459,0.0,5.502,3400,3320,80,0,0.0
55,85,3600,91.504,116,277.619,756.0,7.671,0.0,21.63,49,4.688,0.438,0.039,4.549,3400,3318,82,0,0.0
55,90,3600,91.708,117,256.983,680.0,7.663,0.0,21.039,49,4.689,0.446,0.438,3.594,3400,3316,84,0,0.0
60,0,3600,91.694,115,302.834,887.0,7.649,0.0,22.416,52,5.898,0.039,0.036,4.531,3400,3316,84,0,0.0
60,5,3600,92.083,114,286.056,772.0,7.635,0.0,21.986,49,5.912,0.039,0.449,3.585,3400,3314,86,0,0.0
60,10,3600,92.689,114,280.633,701.0,7.606,0.0,22.425,51,5.882,0.037,1.504,2.755,3400,3312,88,0,0.0
60,15,3600,92.826,112,277.843,806.0,7.624,0.0,22.694,54,5.886,0.04,2.696,1.919,3400,3309,91,0,0.0
60,20,3600,93.015,111,285.561,709.0,7.633,0.0,23.039,49,5.918,0.039,3.905,1.108,3400,3308,92,0,0.0
60,25,3600,93.247,111,303.424,698.0,7.632,0.0,23.52,44,5.903,0.041,5.089,0.419,3400,3309,91,0,0.0
60,30,3600,93.535,109,330.498,823.0,7.617,0.0,24.296,45,5.885,0.047,6.335,0.031,3400,3310,90,0,0.0
60,35,3600,94.155,107,369.37,986.0,7.555,0.0,25.694,52,5.909,0.092,7.508,0.024,3400,3310,90,0,0.0
60,40,3600,95.211,107,417.782,1184.0,7.454,0.0,27.171,61,5.908,0.005,8.694,0.322,3400,3310,90,0,0.0
60,45,3600,94.814,109,428.069,1402.0,7.475,0.0,27.169,60,5.906,0.021,8.311,0.831,3400,3312,88,0,0.0
60,50,3600,93.295,112,408.374,1230.0,7.583,0.0,25.994,58,5.865,0.024,6.887,1.151,3400,3314,86,0,0.0
60,55,3600,91.65,112,381.478,1276.0,7.701,0.0,24.641,55,5.898,0.028,5.178,1.497,3400,3315,85,0,0.0
60,60,3600,89.535,111,344.056,1266.0,7.862,0.0,22.898,58,5.908,0.033,3.221,1.797,3400,3318,82,0,0.0
60,65,3600,88.624,111,321.766,1092.0,7.923,0.0,21.872,52,5.902,0.028,1.186,2.69,3400,3319,81,0,0.0
60,70,3600,90.031,115,338.641,1116.0,7.79,0.0,22.737,51,5.902,0.028,0.025,4.543,3400,3315,85,0,0.0
60,75,3600,91.94,116,364.035,1191.0,7.631,0.0,24.105,54,5.918,0.026,0.0,6.034,3400,3314,86,0,0.0
60,80,3600,92.569,116,359.926,1106.0,7.575,0.0,24.331,55,5.908,0.039,0.0,6.439,3400,3315,85,0,0.0
60,85,3600,91.734,114,330.769,1003.0,7.644,0.0,23.443,54,5.902,0.038,0.0,5.518,3400,3318,82,0,0.0
60,90,3600,91.694,115,302.834,887.0,7.649,0.0,22.416,52,5.898,0.039,0.036,4.531,3400,3316,84,0,0.0
65,0,3600,92.041,114,363.341,1117.0,7.611,0.0,24.583,57,7.11,0.0,0.0,5.466,3400,3316,84,0,0.0
65,5,3600,92.191,116,340.428,1009.0,7.611,0.0,23.771,55,7.11,0.0,0.036,4.523,3400,3314,86,0,0.0
65,10,3600,92.929,114,329.511,934.0,7.575,0.0,23.643,53,7.119,0.0,0.438,3.676,3400,3312,88,0,0.0
65,15,3600,92.931,112,313.873,833.0,7.6,0.0,23.582,54,7.115,0.0,1.477,2.765,3400,3309,91,0,0.0
65,20,3600,93.131,112,310.712,963.0,7.608,0.0,23.841,56,7.113,0.0,2.686,1.89,3400,3308,92,0,0.0
65,25,3600,93.413,111,320.001,839.0,7.606,0.0,24.279,53,7.114,0.0,3.906,1.116,3400,3309,91,0,0.0
65,30,3600,93.684,108,337.849,777.0,7.598,0.0,24.726,47,7.114,0.0,5.071,0.407,3400,3310,90,0,0.0
65,35,3600,94.228,109,369.725,872.0,7.557,0.0,25.726,51,7.094,0.011,6.303,0.026,3400,3310,90,0,0.0
65,40,3600,94.99,109,408.592,1104.0,7.485,0.0,27.088,62,7.119,0.086,7.501,0.013,3400,3310,90,0,0.0
65,45,3600,96.231,110,452.855,1311.0,7.389,0.0,28.456,61,7.099,0.061,8.709,0.368,3400,3310,90,0,0.0
65,50,3600,96.068,112,462.167,1342.0,7.394,0.0,28.407,62,7.094,0.086,8.345,0.725,3400,3309,91,0,0.0
65,55,3600,94.561,112,444.492,1358.0,7.491,0.0,27.342,58,7.098,0.072,6.905,1.135,3400,3309,91,0,0.0
65,60,3600,92.815,111,419.71,1398.0,7.612,0.0,26.025,62,7.144,0.096,5.278,1.414,3400,3315,85,0,0.0
65,65,3600,90.888,112,382.517,1407.0,7.743,0.0,24.325,59,7.106,0.191,3.146,1.711,3400,3315,85,0,0.0
65,70,3600,90.035,116,366.402,1432.0,7.794,0.0,23.555,62,7.132,0.354,1.191,2.593,3400,3311,89,0,0.0
65,75,3600,90.856,114,375.181,1222.0,7.714,0.0,24.074,57,7.107,0.169,0.038,4.481,3400,3312,88,0,0.0
65,80,3600,92.394,116,395.615,1357.0,7.581,0.0,25.229,58,7.118,0.0,0.0,6.037,3400,3312,88,0,0.0
65,85,3600,93.101,116,396.496,1251.0,7.519,0.0,25.67,58,7.111,0.0,0.0,6.452,3400,3314,86,0,0.0
65,90,3600,92.041,114,363.341,1117.0,7.611,0.0,24.583,57,7.11,0.0,0.0,5.466,3400,3316,84,0,0.0
70,0,3600,94.206,121,434.629,1368.0,7.431,0.0,26.825,60,8.333,0.0,0.0,6.405,3400,3303,97,0,0.0
70,5,3600,93.388,120,407.669,1247.0,7.504,0.0,26.001,58,8.335,0.0,0.0,5.463,3400,3305,95,0,0.0
70,10,3600,93.919,117,389.913,1152.0,7.476,0.0,25.456,57,8.317,0.0,0.037,4.619,3400,3303,97,0,0.0
70,15,3600,93.98,115,366.275,1060.0,7.491,0.0,24.74,55,8.3,0.0,0.417,3.651,3400,3300,100,0,0.0
70,20,3600,94.199,116,353.802,993.0,7.494,0.0,24.81,56,8.331,0.0,1.48,2.73,3400,3300,100,0,0.0
70,25,3600,94.425,115,350.777,1086.0,7.501,0.0,25.092,58,8.316,0.0,2.669,1.884,3400,3300,100,0,0.0
70,30,3600,94.576,113,359.186,985.0,7.517,0.0,25.485,56,8.328,0.0,3.869,1.105,3400,3303,97,0,0.0
70,35,3600,94.993,112,381.721,940.0,7.5,0.0,26.152,51,8.321,0.036,5.119,0.409,3400,3303,97,0,0.0
70,40,3600,95.666,112,413.738,968.0,7.449,0.0,27.167,61,8.315,0.096,6.287,0.033,3400,3304,96,0,0.0
70,45,3600,96.127,110,448.009,1152.0,7.416,0.0,28.334,60,8.332,0.237,7.461,0.012,3400,3304,96,0,0.0
70,50,3600,97.696,112,494.235,1204.0,7.296,0.0,29.814,62,8.299,0.33,8.641,0.298,3400,3302,98,0,0.0
70,55,3600,97.648,113,508.576,1455.0,7.282,0.0,29.968,62,8.327,0.365,8.313,0.72,3400,3299,101,0,0.0
70,60,3600,96.116,113,490.54,1472.0,7.374,0.0,28.869,63,8.338,0.403,6.89,1.094,3400,3305,95,0,0.0
70,65,3600,94.84,115,472.575,1529.0,7.439,0.0,27.874,64,8.301,0.585,5.318,1.402,3400,3306,94,0,0.0
70,70,3600,93.935,117,455.445,1615.0,7.474,0.0,27.06,65,8.306,1.361,3.287,1.689,3400,3303,97,0,0.0
70,75,3600,93.021,116,439.556,1485.0,7.511,0.0,26.337,61,8.312,1.841,1.258,2.612,3400,3303,97,0,0.0
70,80,3600,93.136,118,437.042,1493.0,7.499,0.0,26.334,59,8.354,1.407,0.038,4.409,3400,3304,96,0,0.0
70,85,3600,94.758,119,459.482,1456.0,7.371,0.0,27.528,60,8.333,0.915,0.0,6.096,3400,3302,98,0,0.0
70,90,3600,94.206,121,434.629,1368.0,7.431,0.0,26.825,60,8.333,0.0,0.0,6.405,3400,3303,97,0,0.0
75,0,3600,95.0,120,474.122,1569.0,7.351,0.0,27.871,60,8.096,0.807,0.893,6.133,3400,3295,105,0,0.0
75,5,3600,94.841,120,462.922,1499.0,7.373,0.0,27.568,58,8.086,0.0,0.948,6.435,3400,3295,105,0,0.0
75,10,3600,93.229,119,421.229,1358.0,7.522,0.0,26.074,56,8.176,0.0,0.038,5.54,3400,3298,102,0,0.0
75,15,3600,93.0,118,392.34,1246.0,7.55,0.0,25.004,53,8.166,0.0,0.027,4.577,3400,3294,106,0,0.0
75,20,3600,93.042,119,369.405,1188.0,7.561,0.0,24.295,56,8.143,0.0,0.382,3.648,3400,3295,105,0,0.0
75,25,3600,93.299,115,356.733,1043.0,7.558,0.0,24.312,57,8.114,0.0,1.318,2.741,3400,3295,105,0,0.0
75,30,3600,93.484,114,354.93,1205.0,7.573,0.0,24.557,55,8.181,0.0,2.412,1.889,3400,3297,103,0,0.0
75,35,3600,93.928,114,365.633,1113.0,7.567,0.0,25.043,53,8.121,0.011,3.518,1.118,3400,3298,102,0,0.0
75,40,3600,94.324,112,384.432,1038.0,7.556,0.0,25.638,55,8.113,0.083,4.692,0.431,3400,3299,101,0,0.0
75,45,3600,94.689,111,409.952,1021.0,7.539,0.0,26.429,57,8.077,0.258,5.867,0.035,3400,3300,100,0,0.0
75,50,3600,95.501,111,449.151,1014.0,7.473,0.0,27.896,59,8.071,0.606,7.055,0.024,3400,3300,100,0,0.0
75,55,3600,97.203,113,497.594,1225.0,7.332,0.0,29.559,62,8.146,0.793,8.235,0.324,3400,3297,103,0,0.0
75,60,3600,97.334,113,515.9,1447.0,7.304,0.0,29.865,67,8.121,0.764,8.219,0.748,3400,3299,101,0,0.0
75,65,3600,96.238,115,502.505,1605.0,7.348,0.0,29.055,67,8.123,0.92,6.746,1.109,3400,3300,100,0,0.0
75,70,3600,95.379,115,494.467,1718.0,7.375,0.0,28.515,69,8.129,1.737,4.933,1.419,3400,3295,105,0,0.0
75,75,3600,94.641,114,481.031,1794.0,7.387,0.0,27.915,66,8.143,2.838,3.005,1.691,3400,3296,104,0,0.0
75,80,3600,93.934,116,459.196,1643.0,7.418,0.0,27.12,64,8.035,3.22,1.234,2.588,3400,3298,102,0,0.0
75,85,3600,95.069,118,480.514,1592.0,7.331,0.0,28.072,60,8.102,2.621,0.762,4.462,3400,3298,102,0,0.0
75,90,3600,95.0,120,474.122,1569.0,7.351,0.0,27.871,60,8.096,0.807,0.893,6.133,3400,3295,105,0,0.0
80,0,3600,94.482,116,471.894,1706.0,7.374,0.0,27.837,64,6.742,2.324,2.301,4.5,3400,3296,104,0,0.0
80,5,3600,94.993,119,485.351,1575.0,7.339,0.0,28.155,61,6.806,0.73,2.49,6.076,3400,3293,107,0,0.0
80,10,3600,93.721,118,455.05,1506.0,7.459,0.0,26.906,59,6.732,0.0,1.319,6.508,3400,3294,106,0,0.0
80,15,3600,91.307,118,396.684,1364.0,7.686,0.0,24.666,56,6.717,0.0,0.182,5.538,3400,3293,107,0,0.0
80,20,3600,90.763,117,363.83,1275.0,7.737,0.0,23.439,54,6.764,0.0,0.027,4.55,3400,3295,105,0,0.0
80,25,3600,90.656,116,342.634,1156.0,7.753,0.0,22.813,54,6.68,0.0,0.4,3.666,3400,3296,104,0,0.0
80,30,3600,90.748,116,331.879,1073.0,7.763,0.0,22.755,54,6.795,0.0,1.182,2.753,3400,3298,102,0,0.0
80,35,3600,91.058,114,331.539,1154.0,7.767,0.0,22.949,54,6.745,0.012,2.073,1.911,3400,3297,103,0,0.0
80,40,3600,91.368,114,338.575,1054.0,7.777,0.0,23.164,48,6.705,0.085,2.999,1.122,3400,3300,100,0,0.0
80,45,3600,91.71,113,352.965,1049.0,7.779,0.0,23.591,47,6.683,0.259,4.088,0.426,3400,3300,100,0,0.0
80,50,3600,92.513,110,383.71,1018.0,7.724,0.0,24.781,51,6.712,0.619,5.298,0.033,3400,3302,98,0,0.0
80,55,3600,93.373,109,418.658,1010.0,7.645,0.0,26.251,56,6.744,1.014,6.488,0.024,3400,3303,97,0,0.0
80,60,3600,95.0,111,461.67,1209.0,7.498,0.0,27.816,65,6.706,1.18,7.646,0.282,3400,3300,100,0,0.0
80,65,3600,95.194,113,477.28,1405.0,7.449,0.0,28.137,66,6.692,1.323,7.35,0.692,3400,3300,100,0,0.0
80,70,3600,95.091,114,485.566,1546.0,7.415,0.0,28.268,69,6.668,2.174,6.139,1.049,3400,3295,105,0,0.0
80,75,3600,94.567,113,480.471,1736.0,7.409,0.0,27.988,67,6.772,3.314,4.418,1.365,3400,3295,105,0,0.0
80,80,3600,93.681,115,456.989,1826.0,7.443,0.0,27.138,67,6.708,4.069,2.636,1.723,3400,3295,105,0,0.0
80,85,3600,94.356,114,469.295,1647.0,7.379,0.0,27.754,65,6.778,4.342,2.017,2.553,3400,3298,102,0,0.0
80,90,3600,94.482,116,471.894,1706.0,7.374,0.0,27.837,64,6.742,2.324,2.301,4.5,3400,3296,104,0,0.0
85,0,3600,93.352,111,441.402,1729.0,7.463,0.0,26.947,65,4.834,3.84,3.876,2.582,3400,3300,100,0,0.0
85,5,3600,94.164,114,470.628,1663.0,7.395,0.0,27.772,64,4.904,2.095,4.333,4.396,3400,3297,103,0,0.0
85,10,3600,93.675,118,465.829,1603.0,7.436,0.0,27.188,62,4.873,0.713,3.354,6.0,3400,3294,106,0,0.0
85,15,3600,91.715,120,425.701,1482.0,7.616,0.0,25.391,60,4.836,0.012,1.979,6.461,3400,3292,108,0,0.0
85,20,3600,88.901,115,358.385,1353.0,7.897,0.0,22.743,53,4.922,0.012,0.303,5.528,3400,3298,102,0,0.0
85,25,3600,88.065,112,325.422,1192.0,7.974,0.0,21.505,49,4.845,0.025,0.053,4.589,3400,3299,101,0,0.0
85,30,3600,87.701,113,304.586,1085.0,8.007,0.0,20.838,49,4.898,0.025,0.344,3.645,3400,3301,99,0,0.0
85,35,3600,87.601,114,294.185,990.0,8.031,0.0,20.652,49,4.825,0.062,0.95,2.749,3400,3301,99,0,0.0
85,40,3600,87.819,114,292.992,1111.0,8.047,0.0,20.627,52,4.85,0.095,1.592,1.919,3400,3303,97,0,0.0
85,45,3600,88.295,110,297.514,1035.0,8.048,0.0,20.709,48,4.96,0.271,2.382,1.101,3400,3302,98,0,0.0
85,50,3600,88.964,107,314.438,998.0,8.02,0.0,21.335,45,4.918,0.616,3.343,0.418,3400,3303,97,0,0.0
85,55,3600,89.604,109,337.225,982.0,7.971,0.0,22.357,47,4.865,0.999,4.492,0.031,3400,3304,96,0,0.0
85,60,3600,90.374,105,366.862,930.0,7.887,0.0,23.773,59,4.842,1.357,5.651,0.024,3400,3308,92,0,0.0
85,65,3600,92.643,109,416.478,1188.0,7.668,0.0,25.792,63,4.898,1.615,6.87,0.329,3400,3306,94,0,0.0
85,70,3600,93.662,109,446.199,1414.0,7.547,0.0,26.861,67,4.84,2.479,6.697,0.715,3400,3300,100,0,0.0
85,75,3600,93.509,110,451.205,1591.0,7.513,0.0,26.97,66,4.865,3.566,5.411,1.096,3400,3299,101,0,0.0
85,80,3600,92.794,111,435.728,1659.0,7.531,0.0,26.429,66,4.816,4.49,3.797,1.434,3400,3300,100,0,0.0
85,85,3600,93.378,111,443.715,1736.0,7.465,0.0,26.978,67,4.829,5.165,3.342,1.696,3400,3302,98,0,0.0
85,90,3600,93.352,111,441.402,1729.0,7.463,0.0,26.947,65,4.834,3.84,3.876,2.582,3400,3300,100,0,0.0
90,0,3600,92.896,111,418.791,1838.0,7.513,0.0,26.347,69,3.069,4.564,5.169,1.678,3400,3303,97,0,0.0
90,5,3600,93.216,112,434.912,1771.0,7.483,0.0,26.744,67,3.004,3.358,5.902,2.465,3400,3304,96,0,0.0
90,10,3600,92.958,115,445.624,1700.0,7.494,0.0,26.609,67,3.049,1.818,4.982,4.447,3400,3298,102,0,0.0
90,15,3600,92.075,118,437.307,1594.0,7.573,0.0,25.834,63,2.964,0.906,3.888,5.901,3400,3296,104,0,0.0
90,20,3600,90.896,119,415.693,1585.0,7.702,0.0,24.788,62,2.999,1.019,2.229,6.492,3400,3295,105,0,0.0
90,25,3600,87.965,117,346.443,1473.0,7.996,0.0,22.068,58,2.978,1.035,0.499,5.532,3400,3299,101,0,0.0
90,30,3600,86.731,113,309.766,1272.0,8.117,0.0,20.658,53,3.006,0.989,0.055,4.602,3400,3301,99,0,0.0
90,35,3600,86.341,115,291.344,1235.0,8.154,0.0,20.061,51,3.04,0.916,0.305,3.654,3400,3304,96,0,0.0
90,40,3600,85.987,112,280.393,1005.0,8.191,0.0,19.714,50,3.011,0.99,0.718,2.774,3400,3305,95,0,0.0
90,45,3600,85.819,110,270.804,1139.0,8.241,0.0,19.163,52,3.017,1.035,1.108,1.9,3400,3306,94,0,0.0
90,50,3600,85.952,107,267.12,1106.0,8.274,0.0,18.835,50,3.031,1.001,1.672,1.116,3400,3307,93,0,0.0
90,55,3600,86.549,105,277.486,979.0,8.245,0.0,19.256,44,3.101,1.164,2.596,0.407,3400,3306,94,0,0.0
90,60,3600,86.886,105,288.316,972.0,8.214,0.0,19.918,48,2.939,1.384,3.639,0.037,3400,3308,92,0,0.0
90,65,3600,88.222,104,323.483,976.0,8.061,0.0,21.773,56,2.976,1.807,4.855,0.011,3400,3309,91,0,0.0
90,70,3600,91.147,108,382.731,1253.0,7.775,0.0,24.41,65,2.992,2.88,6.067,0.26,3400,3303,97,0,0.0
90,75,3600,92.429,110,413.382,1473.0,7.63,0.0,25.673,66,3.002,3.955,5.918,0.648,3400,3303,97,0,0.0
90,80,3600,92.13,113,408.902,1629.0,7.614,0.0,25.593,67,2.941,4.889,4.738,1.071,3400,3303,97,0,0.0
90,85,3600,93.218,112,428.959,1737.0,7.5,0.0,26.632,69,3.025,5.599,4.608,1.375,3400,3305,95,0,0.0
90,90,3600,92.896,111,418.791,1838.0,7.513,0.0,26.347,69,3.069,4.564,5.169,1.678,3400,3303,97,0,0.0
