episode,decisions,episode_reward,avg_loss,epsilon,final_vehicle_count,final_total_waiting_time,final_mean_speed,final_total_queue
1,82,-16020455.0,0.0,1.0,124,586.0,6.698680658447584,32
2,82,-16710069.0,1281.6275766733531,0.9816655328642288,173,13323.0,1.815149205356524,136
3,82,-6610401.0,745.9370416780797,0.9422215132683146,59,649.0,5.693371513180893,25
4,82,-9358698.0,292.0344295966916,0.9043623824454068,124,4863.0,1.1548698676781683,111
5,82,-4369670.0,245.82989529865543,0.8680244584369068,68,800.0,7.979754041918437,18
6,82,-9540682.0,104.46975380036889,0.8331466180706267,124,1970.0,4.629660321039268,49
7,81,-4848518.0,79.69897270202637,0.8000702292615582,79,674.0,7.5433144722883885,24
8,81,-9694022.0,60.18830332343961,0.7683069916709178,70,1738.0,3.1517282764521815,49
9,82,-5306151.0,35.18915215934195,0.7374358700713607,61,1256.0,2.5256740470423473,46
10,81,-4738525.0,28.055599766013064,0.7081592517292976,71,977.0,7.716517330136833,21
11,81,-4320487.0,27.227282789018417,0.6800449315833662,83,744.0,7.217155927704698,28
12,81,-2500029.0,23.93967287040051,0.6530467657421873,72,2383.0,5.936758609456266,34
13,81,-4789254.0,20.95625275741389,0.6271204422527937,60,363.0,6.479839121140136,26
14,81,-4197656.0,18.138271543714737,0.6022234083716455,74,2601.0,4.565252150334938,43
15,81,-2675847.0,14.842903737668637,0.5783148007230277,64,1504.0,4.123361225004367,41
16,81,-2905363.0,13.615283459792902,0.5553553782302005,59,742.0,6.186453728816016,26
17,81,-3512743.0,13.810216008880992,0.5333074577092141,75,508.0,4.959760491098317,43
18,81,-2082876.0,13.250825887844886,0.5121348520196947,74,113.0,9.16840300091271,11
19,81,-2485243.0,11.68709612481388,0.49180281067107057,65,208.0,8.650558904301583,13
20,81,-1955063.0,12.082847895445648,0.4722779627867691,84,93.0,7.030301571614773,16
21,81,-2519702.0,9.669186650970836,0.4535282623327658,63,92.0,8.525527393430895,11
22,81,-2409653.0,10.425962601178957,0.4355229355205906,71,531.0,7.751554937687649,23
23,81,-1661693.0,10.624817509710052,0.4182324302984653,81,1995.0,3.092009863179208,49
24,81,-2235540.0,10.464682190506547,0.40162836784766964,84,3004.0,2.383115279167631,55
25,81,-1746075.0,10.302545150121054,0.3856834960045301,57,61.0,9.742099269833947,7
26,81,-1413055.0,10.360548125372993,0.3703716445315814,66,65.0,8.658709512540614,16
27,81,-2496128.0,9.355528666649336,0.3556676821644888,78,1388.0,4.283027944734981,43
28,81,-1558539.0,9.486449500660838,0.3415474753642307,60,1393.0,3.2942414703611553,39
29,81,-2215568.0,7.856546989193669,0.3279878487068426,51,149.0,5.457055467035476,16
30,81,-1588440.0,9.555795316342953,0.31496654684571196,55,216.0,5.62600174827491,12
31,81,-1821819.0,8.35249869617415,0.30246219798399054,81,660.0,3.957104225380277,25
32,81,-1831554.0,8.833534040568788,0.2904542787971713,71,272.0,8.560698771103562,17
33,81,-1903719.0,9.517995280984007,0.2789230807482603,60,739.0,6.623890400249653,25
34,81,-1858529.0,9.302140318317178,0.2678496777402547,65,178.0,7.86184483372345,18
35,81,-1646180.0,7.789492992707241,0.2572158950528362,52,678.0,3.479055546592364,29
36,81,-1914007.0,7.827681516423637,0.2470042795122939,93,2649.0,2.6582527043103736,59
37,81,-1364745.0,9.416626450456219,0.23719807084571803,64,1795.0,2.445522790615241,49
38,81,-1608752.0,8.743411539513389,0.22778117417244967,58,55.0,9.992084764316688,8
39,81,-1180421.0,9.478297892911934,0.21873813358763436,52,13.0,6.777194731059063,5
40,80,-1385413.0,7.965114584565162,0.2101591863877178,52,860.0,3.2375527836818554,36
41,81,-2199856.0,7.664231343033873,0.2018157486181985,54,399.0,3.9178914466260335,22
42,81,-1599320.0,8.594988062057967,0.1938035500155716,58,72.0,8.437323972160563,11
43,81,-1671785.0,6.96838672367143,0.18610944019881728,74,1673.0,1.7623813010752394,60
44,81,-1518551.0,8.245028419259153,0.1787207908644304,55,179.0,8.004476062592705,6
45,81,-1046236.0,9.015716289296563,0.17162547505964956,50,488.0,5.657282042961734,24
46,81,-1203723.0,9.066708289546732,0.16481184727855117,65,91.0,8.611796814124274,7
47,81,-1361979.0,8.8925686456539,0.15826872434833938,66,193.0,8.60716806621389,9
48,80,-1117103.0,7.215839692950249,0.15206139777334782,49,700.0,3.656133917337975,32
49,81,-1141802.0,8.891034503041961,0.14602447485184658,60,852.0,4.081119607148513,30
50,81,-1149768.0,8.52210130662094,0.14022722116194394,52,16.0,6.816812058403475,5
51,81,-1244007.0,8.483976324399313,0.13466012170049646,58,43.0,9.200666063499362,10
52,81,-1098193.0,9.6287454219512,0.12931403921533124,51,187.0,5.5509649812903366,14
53,81,-1211672.0,8.156798081633486,0.1241801992083196,75,2820.0,1.9386766925275076,61
54,81,-1453461.0,8.86139867040846,0.1192501755338386,52,252.0,5.234511347637369,20
55,81,-954756.0,8.749655108392975,0.11451587656898027,51,305.0,3.939672197686507,21
56,81,-1205489.0,8.92391464518912,0.10996953193281216,52,355.0,3.8554975916606966,22
57,80,-1204854.0,8.033246399462223,0.10565650798688378,82,3788.0,2.207448568136839,63
58,81,-1075021.0,8.257613377806582,0.10146188526072344,68,397.0,7.179201142055962,22
59,80,-1156960.0,9.861056020110846,0.09748253267972037,49,667.0,4.011581404688039,31
60,81,-1033269.0,9.346234607107846,0.09361242136549094,59,605.0,6.208661413911231,27
61,81,-1109888.0,9.594125664528505,0.08989595564471083,66,1161.0,3.084048236806949,37
62,80,-809205.0,8.705952440202235,0.08637022081140601,54,913.0,3.256839045495155,38
63,80,-928379.0,9.048161955177784,0.0829827659043295,53,191.0,9.66092751159166,9
64,81,-1010387.0,8.963016000794775,0.07968830347722414,49,441.0,5.745310714135768,23
65,81,-1120121.0,8.079470263587105,0.07652463305934296,50,162.0,5.792265449413776,12
66,81,-859939.0,8.575338697727815,0.07348656213443931,54,197.0,9.62599121777159,9
67,81,-960442.0,9.31893355463758,0.07056910433207873,54,217.0,9.495681143440967,10
68,80,-867667.0,8.24042613506317,0.067801371929499,49,363.0,6.662522665239995,21
69,80,-1008062.0,7.648124178498984,0.0651421904675156,52,395.0,6.448671152154429,21
70,81,-1079315.0,9.273914994281014,0.06255600890829892,52,453.0,5.51006603249096,23
71,81,-966920.0,10.900485347818446,0.06007250020993069,54,183.0,9.53504096705917,9
72,80,-887544.0,7.575251185148955,0.05771644642536505,50,382.0,6.808313739848257,20
73,80,-831629.0,8.349140924215316,0.055452797475230596,53,843.0,3.3937607317990155,37
74,80,-840138.0,9.679361535608768,0.053277929226036747,54,388.0,7.063332957935934,21
75,80,-800570.0,7.556457081437111,0.05118835968343142,50,740.0,3.5695166168435706,33
76,81,-1017529.0,9.719817872400638,0.05,50,412.0,6.128032881529692,23
77,80,-1087307.0,9.39677569270134,0.05,52,828.0,3.166098036797458,36
78,81,-1180090.0,8.527426250186966,0.05,56,188.0,7.015145075549903,8
79,81,-923976.0,8.524852705590519,0.05,54,645.0,5.174089968861563,28
80,80,-773231.0,10.032701462507248,0.05,52,868.0,3.2131805493485173,37
81,80,-747876.0,9.411405882239341,0.05,52,197.0,9.615567323924955,9
82,81,-982311.0,8.750708602092883,0.05,56,1013.0,3.096378627791963,39
83,81,-974879.0,7.5237731389057485,0.05,54,214.0,5.721789080457167,12
84,81,-1158043.0,8.901453861483821,0.05,51,187.0,5.653187927178863,14
85,80,-859688.0,7.992011500895023,0.05,48,672.0,3.710376770131718,33
86,80,-898696.0,9.56645825356245,0.05,52,843.0,3.4835008776387966,36
87,81,-1071543.0,9.016756391083753,0.05,53,154.0,5.768177703912496,15
88,81,-1029770.0,8.933038629867413,0.05,55,966.0,3.0854953419569084,38
89,81,-908795.0,8.410058474099195,0.05,58,715.0,5.330177477887026,31
90,80,-736932.0,8.39622296243906,0.05,48,383.0,6.809952201147218,20
91,81,-1118748.0,8.135514558097462,0.05,51,306.0,3.930759115868312,21
92,81,-1008111.0,8.859403298224931,0.05,63,168.0,7.628310055212654,19
93,81,-811630.0,8.814394927319185,0.05,53,403.0,3.8217844801267233,22
94,81,-983749.0,10.336096581117607,0.05,63,1332.0,2.356385360269097,48
95,80,-843499.0,9.347767329961062,0.05,53,384.0,6.449989928079097,22
96,81,-915115.0,9.592312426478774,0.05,50,276.0,3.972390229057575,19
97,81,-1037455.0,9.115881929427017,0.05,70,582.0,4.450469475100477,22
98,81,-900019.0,8.727582117657603,0.05,57,401.0,9.007866284450856,13
99,81,-823479.0,9.770259572399986,0.05,58,30.0,5.196193382526267,5
100,81,-920335.0,9.939926987812843,0.05,52,419.0,6.530845731507843,22
101,80,-858817.0,9.690569627285004,0.05,48,390.0,6.525292306689192,20
102,81,-976105.0,9.2069770693779,0.05,52,302.0,3.921021968587055,20
103,80,-843411.0,8.65097829401493,0.05,50,700.0,3.8629185195670925,33
104,80,-716178.0,8.453250308334827,0.05,49,396.0,6.330272775335068,22
105,80,-870443.0,10.839500285685062,0.05,52,188.0,9.795313049919242,9
106,80,-950393.0,9.76382141560316,0.05,68,207.0,8.785668241874024,13
107,81,-895871.0,9.67463586727778,0.05,54,195.0,9.405618814758524,9
108,80,-934155.0,10.217747405916452,0.05,52,435.0,6.462598746402402,22
109,80,-865552.0,9.970689441263676,0.05,59,1135.0,2.719132065396828,45
110,81,-1127292.0,8.912981418915736,0.05,64,1357.0,2.6979841224061762,48
111,80,-877219.0,9.773774860054255,0.05,57,1456.0,4.730812227738132,34
112,81,-840037.0,8.513031049275105,0.05,52,233.0,5.681398322797313,18
113,80,-818027.0,10.414076239615678,0.05,53,398.0,6.931916750234787,21
114,80,-829927.0,8.72485698312521,0.05,63,699.0,5.827835685702995,30
115,80,-738277.0,10.978276849538087,0.05,54,203.0,9.518118955790417,10
116,80,-1028209.0,10.154151108860969,0.05,53,402.0,6.567023607517693,21
117,81,-915218.0,8.623321756904508,0.05,50,271.0,3.9973785165081175,20
118,81,-930045.0,9.355835964650284,0.05,49,501.0,5.584636301314596,24
119,80,-836412.0,12.313512589782476,0.05,58,1040.0,2.979721793532792,42
120,80,-864256.0,11.105942603200674,0.05,49,398.0,6.38715738661902,22
121,81,-755788.0,8.74880979900007,0.05,49,493.0,5.646326656114514,23
122,81,-875063.0,9.825843858130185,0.05,56,23.0,6.978316356020194,6
123,81,-949644.0,11.811502918785001,0.05,51,228.0,5.538088979849743,19
124,80,-798588.0,10.668077743053436,0.05,48,383.0,6.640855229527772,19
125,80,-769274.0,9.911584823578597,0.05,53,389.0,6.5486795874443064,21
126,80,-903093.0,11.43309822678566,0.05,51,400.0,6.528895098949593,21
127,80,-801552.0,12.387874143570661,0.05,54,190.0,9.684982574072128,9
128,81,-605157.0,11.276707669099173,0.05,48,754.0,3.3415554541662806,33
129,80,-1195707.0,12.860145712643861,0.05,53,391.0,6.8091207617927,21
130,81,-901603.0,12.427384633340953,0.05,49,792.0,3.2117083170257534,33
131,80,-837413.0,13.428982865065336,0.05,54,905.0,3.312385113436155,37
132,80,-653845.0,11.994671849906444,0.05,56,418.0,5.851627884579343,22
133,80,-849818.0,11.239069397747517,0.05,54,392.0,6.842287356512962,20
134,81,-966808.0,12.131929490301344,0.05,64,222.0,6.381722816999691,17
135,80,-834675.0,11.649342203885316,0.05,53,388.0,6.264067349747682,21
136,80,-902106.0,12.604613618552685,0.05,55,203.0,9.77719572173259,10
137,80,-792725.0,12.02655129879713,0.05,55,955.0,3.2184593876632817,39
138,80,-842344.0,12.135505709797144,0.05,48,665.0,3.706943403624651,33
139,80,-986593.0,11.935029374063015,0.05,51,701.0,3.963408635829777,34
140,80,-1002997.0,11.677745711058378,0.05,51,733.0,3.7529950416001467,33
141,80,-660015.0,10.46677735671401,0.05,50,393.0,6.439223190901817,21
142,80,-767199.0,11.442094754427671,0.05,52,187.0,9.780760197910777,9
143,81,-927924.0,12.977988093723486,0.05,49,511.0,5.290164282280927,25
144,80,-764594.0,12.071466553211213,0.05,56,795.0,7.645309384920728,18
145,81,-940178.0,11.671170044092484,0.05,49,509.0,4.844748006755346,26
146,81,-955650.0,11.989445274994697,0.05,48,716.0,3.6480012601038165,33
147,81,-792294.0,12.661758372077236,0.05,51,516.0,5.554741109237979,25
148,80,-853089.0,12.441178943216801,0.05,54,195.0,9.481859412190996,10
149,80,-797692.0,13.376130156591534,0.05,62,728.0,5.718264599824969,30
150,80,-695012.0,15.253023479133844,0.05,51,381.0,7.086715937658324,18
151,81,-838659.0,13.220168168897983,0.05,49,501.0,5.134360891848959,24
152,80,-955011.0,14.232980085164309,0.05,54,392.0,6.749984789488506,21
153,80,-868977.0,13.819165289402008,0.05,52,868.0,3.271244737900172,36
154,80,-650134.0,14.374631384015084,0.05,49,342.0,7.18964203645893,19
155,80,-978011.0,13.109715247899294,0.05,50,394.0,6.412380235393141,20
156,80,-745644.0,14.60289816185832,0.05,48,652.0,3.8392794777823696,31
157,80,-846331.0,15.516154791414738,0.05,51,693.0,3.9700696894186938,33
158,80,-805115.0,13.745238506421448,0.05,49,402.0,6.025578782257249,22
159,80,-737074.0,12.881716912612319,0.05,53,909.0,3.19883162986506,38
160,80,-665880.0,15.525378352031112,0.05,48,358.0,6.419270273764055,22
161,81,-897110.0,13.319970750514372,0.05,58,30.0,5.553243786257678,5
162,81,-976547.0,13.281709875589536,0.05,50,503.0,5.276828327775518,24
163,81,-830896.0,18.81091226398209,0.05,50,502.0,5.255744040771296,25
164,80,-863210.0,13.785330370813607,0.05,60,401.0,6.7622613543873396,21
165,81,-880350.0,14.395836339320665,0.05,51,425.0,6.509776626109862,22
166,81,-995837.0,16.232170768726018,0.05,58,794.0,7.610711709145943,18
167,81,-1092655.0,17.015065552275857,0.05,58,19.0,6.230302477574149,4
168,81,-1018308.0,18.19977358093968,0.05,53,40.0,6.468761377583927,7
169,80,-748128.0,13.658968993276357,0.05,50,735.0,3.5886806948376733,34
170,80,-677046.0,14.271879427880048,0.05,51,403.0,6.3396434966537845,21
171,80,-659495.0,13.93685889840126,0.05,50,404.0,6.33543602615435,21
172,81,-804748.0,17.909603042367063,0.05,53,394.0,3.6989546459790987,23
173,81,-864357.0,16.646802300288353,0.05,53,142.0,5.670135561928594,15
174,80,-680082.0,14.580893806368113,0.05,48,379.0,6.760894619989471,18
175,80,-689379.0,14.7115958198905,0.05,49,399.0,6.149188927464099,21
176,81,-933198.0,15.62098827958107,0.05,69,187.0,6.53146676973957,15
177,80,-976977.0,15.948265819251537,0.05,54,388.0,6.828774310464065,20
178,81,-1229047.0,15.68661837298193,0.05,57,30.0,5.485019585306726,4
179,80,-1072616.0,16.242989954352378,0.05,68,402.0,7.492205433240471,21
180,80,-592591.0,14.66630441993475,0.05,55,797.0,8.033578416009462,18
181,80,-847137.0,16.635754803940653,0.05,51,395.0,6.572064393542539,21
182,80,-641689.0,17.452109340578318,0.05,50,394.0,6.317415406002485,21
183,81,-819340.0,17.043085681803433,0.05,50,510.0,5.297733107064479,24
184,81,-777810.0,15.144267600995523,0.05,55,1002.0,3.1096346112926616,40
185,80,-742816.0,13.927239666134119,0.05,54,194.0,9.528272824339998,10
186,81,-1093244.0,13.407196640968323,0.05,51,240.0,5.433025830060666,19
187,81,-1105019.0,13.677010269812596,0.05,58,201.0,8.290091579340316,11
188,81,-932685.0,15.766731412322432,0.05,53,10.0,8.36355564049407,2
189,80,-858402.0,16.434307955950498,0.05,53,193.0,9.678567778230995,9
190,80,-758075.0,13.364244864881039,0.05,50,696.0,3.883915025600777,32
191,80,-933372.0,14.381929130107164,0.05,56,1004.0,2.8896025880206904,42
192,81,-965299.0,14.56279170660325,0.05,55,602.0,5.940747257304353,26
193,81,-976686.0,14.919985013979453,0.05,50,447.0,6.238061124349194,22
194,81,-800665.0,14.400296410660685,0.05,50,417.0,6.232747541006818,22
195,80,-859403.0,14.613903672248124,0.05,58,1047.0,2.7662942615360073,43
196,81,-906603.0,15.82440130504561,0.05,50,271.0,3.9824504685050566,19
197,81,-1107731.0,14.542846579610565,0.05,55,154.0,5.857990270793358,15
198,81,-941245.0,14.727089119546207,0.05,58,133.0,8.999535438878803,5
199,80,-720774.0,15.975147361308336,0.05,49,703.0,3.6503147725815217,33
200,81,-990489.0,14.202601613085946,0.05,48,467.0,5.141753691561924,24
201,80,-835985.0,15.910511181503534,0.05,53,383.0,6.41016303026521,20
202,80,-870131.0,14.021275351196527,0.05,49,385.0,6.989888122698268,19
203,80,-736339.0,16.882982620596884,0.05,52,893.0,3.161455390622383,38
204,80,-804598.0,14.992632851749658,0.05,50,376.0,7.274642995052442,19
205,80,-746419.0,15.726162533462048,0.05,51,404.0,6.322937082401782,21
206,80,-845729.0,16.716069504618645,0.05,51,746.0,3.7613884771337163,34
207,81,-915284.0,14.948019776815249,0.05,66,217.0,9.303745459916575,9
208,80,-882535.0,17.141648473590614,0.05,50,387.0,7.044724889479305,20
209,81,-813003.0,16.401905922978013,0.05,49,424.0,6.303792087421754,22
210,80,-772071.0,16.444855362176895,0.05,52,199.0,9.85334292783051,9
211,80,-977757.0,16.358057805895804,0.05,49,699.0,3.6881262070360203,32
212,81,-838517.0,15.545035345318876,0.05,65,463.0,6.165548272980969,24
213,80,-948858.0,14.82034080028534,0.05,48,392.0,6.310842012691825,21
214,80,-647121.0,18.395660983026026,0.05,51,405.0,6.519381789761664,22
215,80,-631767.0,15.5426603756845,0.05,49,399.0,6.301330252741683,22
216,80,-896378.0,15.131442072242498,0.05,54,399.0,6.882781559183546,21
217,80,-901492.0,14.542322239279747,0.05,54,384.0,6.840979406432115,21
218,81,-1000700.0,18.63875789554031,0.05,56,5.0,8.647534836486882,3
219,80,-716213.0,17.235012616962194,0.05,54,902.0,3.385538384878878,38
220,80,-652047.0,14.552046027034521,0.05,55,217.0,9.416080077234367,11
221,80,-748605.0,18.771199671179055,0.05,49,395.0,6.224134212401854,21
222,81,-920395.0,13.63784920874937,0.05,55,84.0,9.01388727008418,4
223,80,-869267.0,16.532836505025625,0.05,49,382.0,6.8292683705356705,20
224,80,-854030.0,15.980168844759465,0.05,50,396.0,6.107818576178373,21
225,80,-769613.0,15.219257282465696,0.05,54,203.0,9.561919084659367,10
226,80,-680872.0,16.683433132618667,0.05,54,386.0,6.950100187372958,21
227,81,-846169.0,14.654258689762633,0.05,49,415.0,6.096757626997017,22
228,80,-809272.0,15.46823488920927,0.05,53,895.0,3.091922992686734,38
229,80,-794759.0,16.738891522586346,0.05,51,394.0,6.716953695233886,21
230,81,-742894.0,15.443742668187177,0.05,57,793.0,7.867376757269109,18
231,80,-692118.0,14.964004284143448,0.05,51,399.0,6.6437314423780185,22
232,81,-990931.0,16.580603715814192,0.05,58,210.0,9.362731210216358,10
233,80,-684527.0,13.92642073854804,0.05,54,933.0,3.1085430826574965,39
234,80,-786729.0,15.429320872202515,0.05,58,1023.0,3.059639228671904,42
235,80,-920119.0,17.819620175659658,0.05,54,947.0,3.007939169127278,40
236,80,-905120.0,15.423550294712186,0.05,49,734.0,3.4404616684736555,34
237,80,-1096712.0,17.506924684345723,0.05,55,372.0,6.656079765232514,21
238,80,-828441.0,18.661218924820425,0.05,54,202.0,9.587384536210164,10
239,80,-950537.0,17.157911297678947,0.05,53,837.0,3.7038022199902567,36
240,80,-980900.0,16.61852163858712,0.05,50,436.0,5.98479140491351,22
241,81,-837813.0,14.887638997884444,0.05,48,745.0,3.3964071223084162,33
242,80,-793875.0,16.24176735803485,0.05,50,394.0,6.26869466350299,23
243,80,-1074719.0,17.228477799892424,0.05,53,214.0,9.484032058334368,10
244,81,-998506.0,14.670283046033648,0.05,56,140.0,6.787413143743691,14
245,81,-992239.0,18.54377410588441,0.05,56,84.0,8.776778820400306,6
246,80,-736476.0,16.001309603452682,0.05,50,744.0,3.5811728120159767,34
247,80,-734569.0,18.97264989465475,0.05,54,956.0,3.1170064900898127,38
248,81,-1149683.0,17.291594181531742,0.05,48,758.0,3.351853753540979,33
249,81,-1030350.0,17.190500656763714,0.05,52,292.0,5.3295962990321915,18
250,81,-1111015.0,19.13690929501145,0.05,56,18.0,8.064889132862708,5
251,81,-883697.0,17.29646943895905,0.05,55,87.0,8.897713240120005,5
252,80,-980621.0,14.112456533312798,0.05,61,1239.0,7.434727060715196,22
253,81,-1006778.0,14.647339859126527,0.05,52,182.0,9.922282972369372,8
254,81,-1057109.0,17.173307206895615,0.05,55,1004.0,2.9716111685325517,38
255,81,-1066036.0,13.29763674588851,0.05,55,175.0,9.296204630030848,9
256,80,-856497.0,13.74962872415781,0.05,49,748.0,3.420370954509563,34
257,81,-864582.0,14.940629583450011,0.05,48,741.0,3.348076459309855,32
258,80,-798952.0,15.406474291533232,0.05,53,833.0,3.3183460807125633,36
259,81,-1074357.0,16.42782116598553,0.05,66,1319.0,2.6424668150827393,49
260,80,-829637.0,15.270085605978966,0.05,49,383.0,6.908253832488011,20
261,80,-987600.0,15.000961036980152,0.05,48,698.0,3.4967020586577306,33
262,80,-767521.0,12.839289817214013,0.05,55,398.0,6.718536605463409,20
263,80,-763001.0,17.471570520848037,0.05,53,788.0,3.8048985108613875,35
264,81,-1149378.0,17.00430257673617,0.05,59,498.0,3.8882087375467576,25
265,81,-989915.0,17.40117570353143,0.05,52,151.0,5.657968439832478,14
266,80,-843833.0,13.937511637806892,0.05,51,735.0,3.706487941338375,33
267,80,-742390.0,14.753819794580341,0.05,50,701.0,3.878114164902406,33
268,80,-848998.0,17.661216623336077,0.05,49,376.0,7.018577843113012,19
269,81,-826922.0,14.292667852507698,0.05,49,400.0,6.422198487538955,20
270,81,-799530.0,16.34826836909777,0.05,50,495.0,5.78303703431659,24
271,81,-852433.0,16.61555372049779,0.05,52,871.0,3.241024318633064,36
272,80,-861500.0,15.403145848959685,0.05,50,744.0,3.576519427556627,34
273,81,-884524.0,17.58949167235398,0.05,54,178.0,9.57154871614108,9
274,80,-856670.0,16.610856544971465,0.05,51,351.0,6.870351460149755,20
275,80,-669996.0,15.707127429917454,0.05,50,400.0,6.378492673697727,21
276,81,-745552.0,14.081963114532424,0.05,54,194.0,9.629470115912618,9
277,80,-839246.0,15.44178337007761,0.05,53,441.0,6.371720861492935,22
278,80,-726754.0,15.932816310226917,0.05,49,392.0,6.210903784066141,21
279,80,-797941.0,16.465677835047245,0.05,53,212.0,9.484254049564171,10
280,81,-853999.0,16.773886146736732,0.05,51,185.0,5.730976222153601,13
281,80,-740270.0,17.63406712859869,0.05,51,736.0,3.6899118442359873,33
282,81,-950823.0,14.598425194069192,0.05,49,741.0,3.5467046249861385,33
283,80,-673208.0,15.738017980754375,0.05,53,187.0,10.006219732619373,9
284,80,-959255.0,17.299244406819344,0.05,53,194.0,9.84054559307697,9
285,81,-828973.0,18.564416568588328,0.05,49,797.0,3.2362097829340564,34
286,80,-887557.0,13.717589180916548,0.05,48,692.0,3.4278422599635,33
287,80,-797792.0,14.56912391409278,0.05,49,710.0,3.6475701558431246,34
288,80,-580842.0,14.947903826832771,0.05,50,393.0,6.454159223086979,23
289,80,-792909.0,16.342563961446285,0.05,52,201.0,9.68310770735339,9
290,80,-726095.0,15.746430431306361,0.05,54,916.0,3.2682037330745914,38
291,80,-928513.0,15.579768262803555,0.05,50,378.0,6.962416895655789,20
292,80,-765133.0,17.375159381330015,0.05,54,978.0,3.1088864444477546,40
293,81,-935970.0,16.479686758768413,0.05,56,6.0,8.395870323517931,3
294,80,-634906.0,15.435068761557341,0.05,52,399.0,6.383088547653936,22
295,81,-721931.0,17.198968336538034,0.05,49,425.0,5.966220692686608,23
296,80,-672653.0,18.4476546600461,0.05,49,339.0,7.135566868331641,18
297,80,-809504.0,15.317376190796494,0.05,55,391.0,6.777176881420819,21
298,81,-895517.0,17.97113511334231,0.05,60,581.0,6.154509345002568,26
299,80,-770113.0,18.909905960410832,0.05,55,383.0,6.64481212529738,21
300,80,-807169.0,21.079500011354686,0.05,53,393.0,6.465616307375676,21
